-- phpMyAdmin SQL Dump
-- version 4.0.10.14
-- http://www.phpmyadmin.net
--
-- Host: localhost:3306
-- Generation Time: Nov 10, 2016 at 02:28 PM
-- Server version: 5.5.52-cll
-- PHP Version: 5.6.20

SET SQL_MODE = "NO_AUTO_VALUE_ON_ZERO";
SET time_zone = "+00:00";


/*!40101 SET @OLD_CHARACTER_SET_CLIENT=@@CHARACTER_SET_CLIENT */;
/*!40101 SET @OLD_CHARACTER_SET_RESULTS=@@CHARACTER_SET_RESULTS */;
/*!40101 SET @OLD_COLLATION_CONNECTION=@@COLLATION_CONNECTION */;
/*!40101 SET NAMES utf8 */;

--
-- Database: `bujangku_dev`
--

-- --------------------------------------------------------

--
-- Table structure for table `messages`
--

CREATE TABLE IF NOT EXISTS `messages` (
  `id` int(10) unsigned NOT NULL AUTO_INCREMENT,
  `invoice_id` int(10) unsigned NOT NULL,
  `sender` enum('CUSTOMER','COURIER') NOT NULL,
  `message_text` text NOT NULL,
  `message_time` datetime NOT NULL,
  PRIMARY KEY (`id`)
) ENGINE=InnoDB  DEFAULT CHARSET=utf8 AUTO_INCREMENT=129 ;

--
-- Dumping data for table `messages`
--

INSERT INTO `messages` (`id`, `invoice_id`, `sender`, `message_text`, `message_time`) VALUES
(11, 1, 'COURIER', 'Here, here will I remain', '2016-09-20 21:02:18'),
(12, 1, 'COURIER', 'Here, here will I remain', '2016-09-20 21:02:26'),
(13, 1, 'COURIER', 'Here, here will I remain', '2016-09-20 21:09:49'),
(14, 1, 'CUSTOMER', 'Here, here will I remain', '2016-09-21 08:00:11'),
(15, 1, 'CUSTOMER', 'With worms that are thy chamber maids', '2016-09-21 08:00:27'),
(16, 1, 'CUSTOMER', 'Oh here will I set up my everlasting rest', '2016-09-21 08:00:38'),
(17, 1, 'CUSTOMER', 'Oh here will I set up my everlasting rest', '2016-09-21 08:40:10'),
(18, 1, 'CUSTOMER', 'Oh here will I set up my everlasting rest', '2016-09-21 08:49:24'),
(19, 1, 'CUSTOMER', 'Oh here will I set up my everlasting rest', '2016-09-21 08:49:25'),
(20, 1, 'CUSTOMER', 'Here, here will I remain', '2016-09-21 14:35:59'),
(21, 2, 'CUSTOMER', 'Here, here will I remain', '2016-09-21 14:40:15'),
(22, 1, 'CUSTOMER', 'Here, here will I remain', '2016-09-21 14:41:12'),
(23, 1, 'COURIER', 'With worms that are thy chamber maids', '2016-09-21 14:46:03'),
(24, 2, 'COURIER', 'With worms that are thy chamber maids', '2016-09-21 14:46:08'),
(25, 1, 'COURIER', 'Here, here will I remain', '2016-09-21 14:55:52'),
(26, 1, 'COURIER', 'Here, here will I remain', '2016-09-21 15:51:00'),
(27, 1, 'COURIER', 'Here, here will I remain', '2016-09-21 19:50:49'),
(28, 1, 'COURIER', 'Here, here will I remain', '2016-09-21 19:50:58'),
(29, 1, 'COURIER', 'Arms, take your last embrace', '2016-10-06 22:04:33'),
(30, 92, 'COURIER', 'Here, here will I remain', '2016-10-10 07:54:16'),
(31, 92, 'COURIER', 'With worms that are thy chambermaids', '2016-10-10 08:01:38'),
(32, 92, 'COURIER', 'Oh here will I set up my everlasting rest', '2016-10-10 08:01:54'),
(33, 92, 'COURIER', 'And shake the yoke of the inauspicious stars', '2016-10-10 08:02:21'),
(34, 92, 'COURIER', 'From this world, wearied flesh', '2016-10-10 08:21:29'),
(35, 92, 'COURIER', 'Eyes, look your last!', '2016-10-11 11:28:18'),
(36, 92, 'COURIER', 'Arms, take your last embrace! ', '2016-10-11 12:12:58'),
(37, 92, 'COURIER', ' And lips! ', '2016-10-11 12:16:01'),
(38, 92, 'COURIER', 'O you the the doors of breath ', '2016-10-11 12:20:17'),
(39, 93, 'COURIER', 'Hey dude', '2016-10-11 12:27:42'),
(40, 93, 'COURIER', 'Je suis ici pour toi', '2016-10-11 12:28:16'),
(41, 93, 'COURIER', 'Test ', '2016-10-11 12:32:47'),
(42, 93, 'COURIER', 'Awesome', '2016-10-11 12:35:29'),
(43, 93, 'COURIER', 'Test ', '2016-10-11 15:15:21'),
(44, 93, 'COURIER', 'Je ne sais pas', '2016-10-11 15:19:23'),
(45, 91, 'COURIER', 'Eyes, look your last!', '2016-10-11 16:05:22'),
(46, 93, 'COURIER', 'Exposition ', '2016-10-11 16:15:19'),
(47, 93, 'COURIER', 'Il y a ', '2016-10-11 16:15:49'),
(48, 93, 'COURIER', 'Il y a quelqu''un ', '2016-10-11 16:15:56'),
(49, 93, 'COURIER', 'Il y a quelqu''un test', '2016-10-11 16:16:11'),
(50, 93, 'COURIER', 'Ressources ', '2016-10-11 16:16:43'),
(51, 93, 'COURIER', 'Dombass', '2016-10-11 16:22:49'),
(52, 93, 'COURIER', 'Dombasstest', '2016-10-11 16:23:05'),
(53, 93, 'COURIER', ' Test ', '2016-10-11 16:24:05'),
(54, 93, 'COURIER', ' Test ', '2016-10-11 16:24:05'),
(55, 93, 'COURIER', ' Aku ', '2016-10-11 16:25:41'),
(56, 93, 'COURIER', 'Test', '2016-10-11 16:26:26'),
(57, 55, 'COURIER', 'Alohomora', '2016-10-11 16:30:20'),
(58, 55, 'COURIER', 'Bienvenue dans ma ville natale ', '2016-10-11 16:46:09'),
(59, 55, 'COURIER', 'Test', '2016-10-11 17:00:05'),
(60, 55, 'COURIER', ' Cff', '2016-10-11 17:10:34'),
(61, 55, 'COURIER', 'Je ne sais pas si cette feature marche ', '2016-10-12 07:46:42'),
(62, 66, 'COURIER', 'Quand j''avais six ans, j''ai vu, une magnifique image', '2016-10-12 07:47:50'),
(63, 55, 'COURIER', 'Test', '2016-10-12 08:33:39'),
(64, 55, 'COURIER', 'You ', '2016-10-12 08:51:03'),
(65, 93, 'COURIER', 'Uwow', '2016-10-21 16:55:48'),
(66, 93, 'COURIER', 'Ok', '2016-10-21 16:55:55'),
(67, 93, 'COURIER', 'Hdkdjdmsl', '2016-10-21 16:56:12'),
(68, 93, 'COURIER', 'Mdldm', '2016-10-21 16:56:20'),
(69, 93, 'COURIER', 'Nkd', '2016-10-21 16:56:22'),
(72, 105, 'CUSTOMER', 'customer app say Hello World Honey', '2016-10-24 16:34:08'),
(73, 93, 'COURIER', 'Test', '2016-10-28 12:57:14'),
(74, 105, 'CUSTOMER', 'tes 2', '2016-10-31 09:14:53'),
(75, 105, 'CUSTOMER', '113', '2016-10-31 09:21:31'),
(76, 105, 'CUSTOMER', 'fghhdxvczcvb', '2016-10-31 09:34:07'),
(77, 93, 'COURIER', 'Test', '2016-11-01 21:54:02'),
(78, 92, 'COURIER', 'Test', '2016-11-01 21:56:23'),
(79, 108, 'CUSTOMER', 'tes jak', '2016-11-02 08:51:04'),
(80, 108, 'CUSTOMER', 'we', '2016-11-02 10:48:17'),
(81, 55, 'COURIER', 'Test ', '2016-11-02 17:10:48'),
(82, 55, 'COURIER', 'Gahahba', '2016-11-02 17:10:48'),
(83, 55, 'COURIER', 'Bsksb', '2016-11-02 17:10:48'),
(84, 55, 'COURIER', 'Ghajab', '2016-11-02 17:10:54'),
(85, 55, 'COURIER', 'Hshsjbsks', '2016-11-02 17:11:00'),
(86, 55, 'COURIER', 'Hskabs', '2016-11-02 17:11:59'),
(87, 55, 'COURIER', 'Bxkz', '2016-11-02 17:12:01'),
(88, 93, 'COURIER', 'BjBz', '2016-11-02 17:12:29'),
(89, 93, 'COURIER', 'Bzkzn', '2016-11-02 17:12:31'),
(90, 93, 'COURIER', 'Hore hore ', '2016-11-02 17:13:53'),
(91, 92, 'COURIER', 'I am young and I ', '2016-11-02 17:18:16'),
(92, 92, 'COURIER', 'Je viens d''apprendre il me manque de la bonne nouvelle et à la prochaine édition du concours ', '2016-11-02 17:19:02'),
(93, 108, 'CUSTOMER', 'ored', '2016-11-02 17:47:24'),
(94, 108, 'CUSTOMER', 'halo', '2016-11-02 17:47:40'),
(95, 108, 'CUSTOMER', 'tttttt', '2016-11-02 17:47:52'),
(96, 108, 'CUSTOMER', 'ttttrrttttt', '2016-11-02 17:50:25'),
(97, 85, 'COURIER', 'Tes', '2016-11-02 17:58:40'),
(98, 12, 'COURIER', 'tes', '2016-11-03 10:56:20'),
(99, 108, 'COURIER', 'mane duli', '2016-11-04 16:38:38'),
(100, 108, 'CUSTOMER', 'ok lah saye bisa pesan lagi ndak , 5 buah payung cantik indomaret jeruju', '2016-11-04 16:54:36'),
(101, 108, 'CUSTOMER', 'cek', '2016-11-04 17:03:40'),
(102, 108, 'CUSTOMER', 'okzone', '2016-11-04 17:54:31'),
(103, 108, 'CUSTOMER', 'ereeerw', '2016-11-06 16:35:17'),
(104, 108, 'CUSTOMER', 'wakeaw', '2016-11-06 21:04:11'),
(105, 108, 'CUSTOMER', 'bb', '2016-11-06 21:20:06'),
(106, 108, 'CUSTOMER', 'ok', '2016-11-06 21:28:42'),
(107, 116, 'CUSTOMER', 'gogo powerangers', '2016-11-08 16:49:05'),
(108, 116, 'CUSTOMER', 'ty', '2016-11-08 17:55:03'),
(109, 116, 'CUSTOMER', '123', '2016-11-08 18:31:19'),
(110, 105, 'CUSTOMER', 'tes 2', '2016-11-09 10:23:35'),
(111, 105, 'CUSTOMER', 'tes 2', '2016-11-09 10:27:14'),
(112, 105, 'CUSTOMER', 'tes 2', '2016-11-09 10:28:06'),
(113, 105, 'CUSTOMER', 'tes 2', '2016-11-09 10:31:25'),
(114, 116, 'CUSTOMER', 'tes 2', '2016-11-09 10:33:08'),
(115, 116, 'CUSTOMER', 'tes 2', '2016-11-09 10:36:09'),
(116, 116, 'CUSTOMER', 'tes 2', '2016-11-09 10:36:20'),
(117, 116, 'CUSTOMER', 'periksa statusmu', '2016-11-09 10:40:59'),
(118, 116, 'CUSTOMER', 'ee', '2016-11-09 11:09:52'),
(119, 116, 'CUSTOMER', 'cek sender', '2016-11-09 11:17:56'),
(120, 116, 'CUSTOMER', 'go', '2016-11-09 13:15:09'),
(121, 116, 'COURIER', 'lalalala', '2016-11-09 13:16:50'),
(122, 116, 'CUSTOMER', 'nyooot', '2016-11-09 13:17:30'),
(123, 85, 'COURIER', 'tes ', '2016-11-09 15:57:45'),
(124, 85, 'COURIER', 'horeeee', '2016-11-09 15:57:58'),
(125, 116, 'CUSTOMER', 'nyoot again', '2016-11-10 12:05:58'),
(126, 116, 'CUSTOMER', 'selamat siang pak kurur', '2016-11-10 12:36:42'),
(127, 116, 'COURIER', 'siang juga', '2016-11-10 12:38:52'),
(128, 116, 'COURIER', 'ffff', '2016-11-10 12:39:21');

-- --------------------------------------------------------

--
-- Table structure for table `tbl_gerai`
--

CREATE TABLE IF NOT EXISTS `tbl_gerai` (
  `id_gerai` int(11) NOT NULL AUTO_INCREMENT,
  `nama_gerai` varchar(255) NOT NULL,
  `deskripsi_gerai` varchar(500) NOT NULL,
  `link_gambar` varchar(255) NOT NULL,
  `is_active` tinyint(3) unsigned NOT NULL DEFAULT '1',
  `id_tarif` int(11) DEFAULT NULL,
  `alamat_lengkap` varchar(255) DEFAULT NULL,
  PRIMARY KEY (`id_gerai`)
) ENGINE=MyISAM  DEFAULT CHARSET=latin1 AUTO_INCREMENT=12 ;

--
-- Dumping data for table `tbl_gerai`
--

INSERT INTO `tbl_gerai` (`id_gerai`, `nama_gerai`, `deskripsi_gerai`, `link_gambar`, `is_active`, `id_tarif`, `alamat_lengkap`) VALUES
(6, 'Bingke Al-Fajar', 'Bingke Al-Fajar', 'image_2016-07-04-16-59-46_6.png', 1, 7, 'no 43 A sebelah kanan'),
(5, 'Delicia Baru', 'Delicia Baru', 'image_2016-10-26-20-50-52_5.png', 1, 54, 'no 34 b Gg sidomukti'),
(4, 'Alila Baru', 'Alila', 'image_2016-07-04-17-00-11_4.png', 1, 54, 'Gg bimasakti no 4'),
(8, 'Indo Travel', 'Indo Travel', 'image_2016-08-15-12-43-59_8.png', 1, NULL, NULL),
(9, 'Bingke Al fajar', 'Bingke Al Fajar', 'image_2016-08-15-12-43-43_9.png', 1, NULL, NULL),
(10, 'sambal jambal', 'sambal jambal', 'image_2016-08-15-12-43-14_10.png', 1, NULL, NULL),
(11, 'Pak ngah', 'Pak Ngah', 'image_2016-08-15-12-43-04_11.png', 1, NULL, NULL),
(7, 'Nyemil Yok', 'Food Stop', 'image_2016-08-15-12-44-29_6.png', 1, 198, '100 meter dari simpang garuda, sebelah kiri jalan, sebelum ramayana');

-- --------------------------------------------------------

--
-- Table structure for table `tbl_group_makanan`
--

CREATE TABLE IF NOT EXISTS `tbl_group_makanan` (
  `id_group` int(5) NOT NULL AUTO_INCREMENT,
  `nama_group` varchar(50) NOT NULL,
  `foto_group` varchar(50) NOT NULL,
  PRIMARY KEY (`id_group`)
) ENGINE=InnoDB  DEFAULT CHARSET=latin1 AUTO_INCREMENT=4 ;

--
-- Dumping data for table `tbl_group_makanan`
--

INSERT INTO `tbl_group_makanan` (`id_group`, `nama_group`, `foto_group`) VALUES
(1, 'Asam Pedas', 'makanan1.jpg'),
(2, 'Aneka Bolu', 'anekakue.jpg'),
(3, 'Aneka Cream', 'anekacream.jpg');

-- --------------------------------------------------------

--
-- Table structure for table `tbl_invoice`
--

CREATE TABLE IF NOT EXISTS `tbl_invoice` (
  `id_invoice` int(11) NOT NULL AUTO_INCREMENT,
  `no_invoice` varchar(20) NOT NULL,
  `id_pelanggan` int(10) unsigned NOT NULL,
  `id_kurir` int(10) unsigned DEFAULT NULL,
  `invoice_date` datetime NOT NULL,
  `total` float(10,2) NOT NULL,
  `is_finish` tinyint(3) unsigned DEFAULT '0',
  `is_confirmed` tinyint(3) NOT NULL DEFAULT '0',
  `is_delivered` tinyint(1) NOT NULL DEFAULT '0',
  PRIMARY KEY (`id_invoice`)
) ENGINE=MyISAM  DEFAULT CHARSET=latin1 AUTO_INCREMENT=118 ;

--
-- Dumping data for table `tbl_invoice`
--

INSERT INTO `tbl_invoice` (`id_invoice`, `no_invoice`, `id_pelanggan`, `id_kurir`, `invoice_date`, `total`, `is_finish`, `is_confirmed`, `is_delivered`) VALUES
(1, 'BK1606190001', 1, 1, '2016-06-19 11:08:05', 0.00, 1, 1, 1),
(2, 'BK1606210001', 1, NULL, '2016-06-21 23:06:42', 0.00, 1, -1, 0),
(3, 'BK1606220001', 1, 1, '2016-06-22 04:01:47', 0.00, 1, 1, 1),
(4, 'BK1606240001', 1, 2, '2016-06-24 00:41:19', 0.00, 1, -2, 1),
(5, 'BK1606240002', 1, 2, '2016-06-24 16:32:46', 0.00, 1, 1, 1),
(6, 'BK1606250001', 1, NULL, '2016-06-25 02:31:19', 0.00, 1, -2, 0),
(7, 'BK1606250002', 1, NULL, '2016-06-25 03:14:25', 0.00, 1, -1, 1),
(8, 'BK1606250003', 1, 1, '2016-06-25 04:07:20', 0.00, 1, 1, 1),
(9, 'BK1606250004', 1, NULL, '2016-06-25 04:15:07', 0.00, 1, -1, 1),
(10, 'BK1606250005', 1, 3, '2016-06-25 05:05:31', 0.00, 1, 1, 1),
(11, 'BK1606250006', 1, 1, '2016-06-25 04:52:39', 0.00, 1, 1, 1),
(12, 'BK1606250007', 1, 2, '2016-06-25 05:06:47', 0.00, 1, 1, 1),
(14, 'BK1606250008', 6, 1, '2016-06-25 06:45:41', 0.00, 1, 1, 1),
(15, 'BK1606260001', 5, NULL, '2016-06-26 06:36:53', 0.00, 1, 1, 1),
(16, 'BK1606260002', 5, 1, '2016-06-26 09:15:03', 0.00, 1, 1, 1),
(17, 'BK1606260003', 5, 1, '2016-06-26 09:17:51', 0.00, 1, 1, 1),
(18, 'BK1606260004', 5, NULL, '2016-06-26 10:35:51', 0.00, 1, -1, 1),
(19, 'BK1606270001', 4, NULL, '2016-06-27 01:34:51', 0.00, 1, -2, 1),
(21, 'BK1606270002', 2, 1, '2016-06-27 16:08:25', 0.00, 1, -2, 1),
(22, 'BK1606280001', 5, 1, '2016-06-28 02:26:52', 0.00, 1, 1, 1),
(23, 'BK1606280002', 37, 1, '2016-06-28 05:49:43', 0.00, 1, -2, 1),
(24, 'BK1606280003', 5, 1, '2016-06-28 08:18:10', 0.00, 1, -2, 1),
(25, 'BK1606280004', 6, 1, '2016-06-28 09:28:37', 0.00, 1, -2, 1),
(26, 'BK1606280005', 5, 1, '2016-06-28 09:44:29', 0.00, 1, -2, 1),
(27, 'BK1606280006', 129, 1, '2016-06-28 10:09:36', 0.00, 1, 1, 1),
(28, 'BK1606290001', 6, 3, '2016-06-29 08:38:16', 0.00, 1, -1, 1),
(31, 'BK1606300001', 6, 1, '2016-06-30 13:51:31', 0.00, 1, -1, 1),
(32, 'BK1607010001', 1, 1, '2016-07-01 16:00:19', 0.00, 1, 1, 1),
(33, 'BK1607020001', 1, 1, '2016-07-02 11:52:41', 0.00, 1, 1, 1),
(34, 'BK1607020002', 1, NULL, '2016-07-02 12:52:45', 0.00, 1, -2, 1),
(35, 'BK1607020003', 1, 1, '2016-07-02 13:27:06', 0.00, 1, 1, 1),
(36, 'BK1607020004', 1, NULL, '2016-07-02 18:09:41', 0.00, 1, -2, 1),
(37, 'BK1607020005', 1, NULL, '2016-07-02 18:10:04', 0.00, 1, -2, 1),
(38, 'BK1607020006', 1, NULL, '2016-07-02 18:10:57', 0.00, 1, -2, 1),
(39, 'BK1607030001', 1, NULL, '2016-07-03 18:27:36', 0.00, 1, -2, 1),
(40, 'BK1607030002', 1, NULL, '2016-07-03 18:29:00', 0.00, 1, -2, 1),
(41, 'BK1607030003', 1, NULL, '2016-07-03 22:31:09', 0.00, 1, -2, 1),
(42, 'BK1607030004', 1, NULL, '2016-07-03 22:39:25', 0.00, 1, -2, 1),
(43, 'BK1607030005', 1, NULL, '2016-07-03 23:57:24', 0.00, 1, -2, 1),
(44, 'BK1607060001', 1, 1, '2016-07-06 21:25:28', 0.00, 1, 1, 1),
(45, 'BK1607060002', 1, NULL, '2016-07-06 21:26:41', 0.00, 1, -2, 1),
(46, 'BK1607060003', 1, NULL, '2016-07-06 21:29:32', 0.00, 1, -1, 1),
(47, 'BK1607060004', 1, 3, '2016-07-06 21:31:00', 0.00, 1, 1, 1),
(48, 'BK1607060005', 1, NULL, '2016-07-06 21:31:24', 0.00, 1, -1, 1),
(49, 'BK1607060006', 1, 1, '2016-07-06 21:31:50', 0.00, 1, 1, 1),
(50, 'BK1607070001', 1, 1, '2016-07-07 00:15:36', 0.00, 1, 1, 1),
(51, 'BK1607070002', 1, 1, '2016-07-07 00:59:41', 0.00, 1, 1, 1),
(52, 'BK1607070003', 1, NULL, '2016-07-07 01:00:05', 0.00, 1, -1, 1),
(53, 'BK1607070004', 1, NULL, '2016-07-07 01:01:04', 0.00, 1, -2, 1),
(54, 'BK1607070005', 1, 1, '2016-07-07 11:34:17', 0.00, 1, 1, 1),
(55, 'BK1607110001', 1, 1, '2016-07-11 16:48:09', 0.00, 1, 1, 0),
(56, 'BK1607250001', 168, 4, '2016-07-25 15:04:18', 0.00, 1, 1, 1),
(57, 'BK1607260001', 187, 6, '2016-07-26 11:49:44', 0.00, 1, 1, 1),
(58, 'BK1607260002', 191, 4, '2016-07-26 15:44:30', 0.00, 1, 1, 1),
(59, 'BK1607270001', 200, 7, '2016-07-27 09:00:39', 0.00, 1, 1, 1),
(60, 'BK1607270002', 199, 5, '2016-07-27 11:17:48', 0.00, 1, 1, 1),
(61, 'BK1607270003', 212, 1, '2016-07-27 14:29:32', 0.00, 1, 1, 1),
(62, 'BK1607270004', 212, 3, '2016-07-27 14:33:46', 0.00, 1, 1, 1),
(63, 'BK1607300001', 212, 5, '2016-07-30 13:39:32', 0.00, 1, 1, 1),
(64, 'BK1607310001', 91, 8, '2016-07-31 16:25:00', 0.00, 1, 1, 1),
(65, 'BK1608020001', 6, NULL, '2016-08-02 13:09:38', 0.00, 1, 0, 1),
(66, 'BK1608070001', 10, 1, '2016-08-07 13:57:22', 0.00, 1, 1, 1),
(67, 'BK1608080001', 354, 1, '2016-08-08 11:31:01', 0.00, 1, 1, 1),
(68, 'BK1608100001', 359, NULL, '2016-08-10 13:22:35', 0.00, 0, 0, 1),
(69, 'BK1608110001', 395, NULL, '2016-08-11 10:47:21', 0.00, 1, -2, 1),
(70, 'BK1608110002', 395, 5, '2016-08-11 13:32:49', 0.00, 1, 1, 1),
(71, 'BK1608110003', 406, NULL, '2016-08-11 13:43:39', 0.00, 1, -1, 1),
(72, 'BK1608120001', 91, 7, '2016-08-12 09:37:18', 0.00, 1, 1, 1),
(73, 'BK1608120002', 395, 6, '2016-08-12 10:48:26', 0.00, 1, 1, 1),
(74, 'BK1608120003', 19, NULL, '2016-08-12 11:26:23', 0.00, 1, -2, 1),
(75, 'BK1608150001', 472, NULL, '2016-08-15 17:17:17', 0.00, 0, 0, 1),
(76, 'BK1608150002', 451, 3, '2016-08-15 22:16:47', 0.00, 1, 1, 1),
(77, 'BK1608160001', 410, 4, '2016-08-16 11:33:21', 0.00, 1, 1, 1),
(78, 'BK1608160002', 321, 6, '2016-08-16 13:44:17', 0.00, 1, 1, 1),
(79, 'BK1608160003', 321, NULL, '2016-08-16 14:17:12', 0.00, 1, -1, 1),
(80, 'BK1608180001', 325, NULL, '2016-08-18 19:18:14', 0.00, 1, -2, 1),
(81, 'BK1608190001', 502, NULL, '2016-08-19 11:16:04', 0.00, 1, -2, 1),
(82, 'BK1608190002', 321, 6, '2016-08-19 13:34:15', 0.00, 1, 1, 1),
(83, 'BK1608220001', 512, NULL, '2016-08-22 10:41:22', 0.00, 1, -2, 1),
(84, 'BK1608220002', 395, 1, '2016-08-22 12:28:33', 0.00, 1, 1, 1),
(85, 'BK1608230001', 19, 1, '2016-08-23 15:10:26', 0.00, 1, 1, 1),
(86, 'BK1608230002', 136, NULL, '2016-08-23 20:47:15', 0.00, 1, -2, 1),
(87, 'BK1608240001', 539, 8, '2016-08-24 17:54:47', 0.00, 1, 1, 1),
(88, 'BK1608240002', 498, 7, '2016-08-24 19:34:30', 0.00, 1, 1, 1),
(89, 'BK1608250001', 559, NULL, '2016-08-25 11:01:00', 0.00, 0, 0, 1),
(90, 'BK1608250002', 562, NULL, '2016-08-25 12:07:33', 0.00, 0, 0, 1),
(91, 'BK1608250003', 563, 5, '2016-08-25 13:21:42', 0.00, 1, 1, 1),
(92, 'BK1608270001', 136, 1, '2016-08-27 15:45:38', 0.00, 1, 1, 0),
(93, 'BK1608280001', 136, 1, '2016-08-28 15:50:02', 0.00, 1, 1, 0),
(94, 'BK1610170001', 3, NULL, '2016-10-17 16:14:50', 0.00, 0, 0, 0),
(95, 'BK1610190001', 6, NULL, '2016-10-19 16:00:12', 0.00, 1, -2, 0),
(96, 'BK1610190002', 6, NULL, '2016-10-19 16:04:09', 0.00, 0, 0, 0),
(97, 'BK1610200001', 4, NULL, '2016-10-20 22:58:03', 0.00, 1, -2, 0),
(98, 'BK1610210001', 4, NULL, '2016-10-21 03:19:40', 0.00, 1, -2, 0),
(99, 'BK1610210002', 4, NULL, '2016-10-21 03:20:58', 0.00, 1, -2, 0),
(101, 'BK1610210003', 4, NULL, '2016-10-21 03:22:59', 0.00, 0, 0, 0),
(102, 'BK1610210004', 585, NULL, '2016-10-21 16:15:57', 0.00, 1, -2, 0),
(103, 'BK1610210005', 585, NULL, '2016-10-21 17:15:03', 0.00, 1, -2, 0),
(104, 'BK1610210006', 587, NULL, '2016-10-21 17:15:22', 0.00, 1, -2, 0),
(105, 'BK1610240001', 585, 5, '2016-10-24 11:14:04', 0.00, 1, 1, 1),
(106, 'BK1610260001', 585, NULL, '2016-10-26 18:23:43', 0.00, 1, -2, 0),
(107, 'BK1610260002', 585, NULL, '2016-10-26 18:51:06', 0.00, 1, -2, 0),
(108, 'BK1610280001', 585, 8, '2016-10-28 08:52:55', 0.00, 1, 1, 0),
(109, 'BK1610280002', 585, NULL, '2016-10-28 10:01:26', 0.00, 1, -2, 0),
(110, 'BK1611020001', 585, NULL, '2016-11-02 10:50:53', 0.00, 1, -2, 0),
(111, 'BK1611020002', 585, NULL, '2016-11-02 14:46:37', 0.00, 1, -2, 0),
(112, 'BK1611020003', 585, NULL, '2016-11-02 15:48:15', 0.00, 1, -2, 0),
(113, 'BK1611020004', 585, NULL, '2016-11-02 15:49:24', 0.00, 1, -2, 0),
(114, 'BK1611030001', 585, NULL, '2016-11-03 11:08:56', 0.00, 1, -2, 0),
(115, 'BK1611060001', 585, NULL, '2016-11-06 20:11:38', 0.00, 1, -2, 0),
(116, 'BK1611080001', 585, 2, '2016-11-08 16:44:06', 0.00, 1, 1, 0),
(117, 'BK1611100001', 585, NULL, '2016-11-10 08:07:03', 0.00, 1, 0, 0);

--
-- Triggers `tbl_invoice`
--
DROP TRIGGER IF EXISTS `AutoDeleteOrder`;
DELIMITER //
CREATE TRIGGER `AutoDeleteOrder` AFTER DELETE ON `tbl_invoice`
 FOR EACH ROW BEGIN
	DELETE FROM tbl_order_barang WHERE id_invoice = OLD.id_invoice;
    DELETE FROM tbl_order_other WHERE id_invoice = OLD.id_invoice;
    DELETE FROM tbl_order_makanan WHERE id_invoice = OLD.id_invoice;
    DELETE FROM tbl_order_tiket WHERE id_invoice = OLD.id_invoice;
END
//
DELIMITER ;
DROP TRIGGER IF EXISTS `AutoUpdateFinish`;
DELIMITER //
CREATE TRIGGER `AutoUpdateFinish` AFTER UPDATE ON `tbl_invoice`
 FOR EACH ROW BEGIN
IF NEW.is_finish <> OLD.is_finish THEN
	 
        UPDATE tbl_order_barang SET is_pending = '0' WHERE id_invoice = OLD.id_invoice;
        UPDATE tbl_order_other SET is_pending = '0' WHERE id_invoice = OLD.id_invoice;
        UPDATE tbl_order_makanan SET is_pending = '0' WHERE id_invoice = OLD.id_invoice;
        UPDATE tbl_order_tiket SET is_pending = '0' WHERE id_invoice = OLD.id_invoice;
END IF;

IF NEW.is_confirmed <> OLD.is_confirmed THEN
        UPDATE tbl_order_barang SET is_confirmed =NEW.is_confirmed WHERE id_invoice = OLD.id_invoice;
        UPDATE tbl_order_other SET is_confirmed =NEW.is_confirmed WHERE id_invoice = OLD.id_invoice;
        UPDATE tbl_order_makanan SET is_confirmed =NEW.is_confirmed WHERE id_invoice = OLD.id_invoice;
        UPDATE tbl_order_tiket SET is_confirmed =NEW.is_confirmed WHERE id_invoice = OLD.id_invoice;
END IF;
END
//
DELIMITER ;

-- --------------------------------------------------------

--
-- Table structure for table `tbl_kategori_menu`
--

CREATE TABLE IF NOT EXISTS `tbl_kategori_menu` (
  `id_kategori` int(5) NOT NULL AUTO_INCREMENT,
  `nama_kategori` varchar(255) NOT NULL,
  PRIMARY KEY (`id_kategori`)
) ENGINE=InnoDB  DEFAULT CHARSET=latin1 AUTO_INCREMENT=8 ;

--
-- Dumping data for table `tbl_kategori_menu`
--

INSERT INTO `tbl_kategori_menu` (`id_kategori`, `nama_kategori`) VALUES
(1, 'semua'),
(6, 'Ayam'),
(7, 'Sapi');

-- --------------------------------------------------------

--
-- Table structure for table `tbl_kurir`
--

CREATE TABLE IF NOT EXISTS `tbl_kurir` (
  `id_kurir` int(10) unsigned NOT NULL AUTO_INCREMENT,
  `nama_kurir` varchar(255) NOT NULL,
  `email_kurir` varchar(200) NOT NULL,
  `nohp_kurir` varchar(20) NOT NULL,
  `plat_kendaraan` varchar(10) NOT NULL,
  `is_active` tinyint(4) NOT NULL DEFAULT '0',
  `is_standby` tinyint(4) NOT NULL DEFAULT '0',
  `is_delete` tinyint(3) unsigned NOT NULL,
  `password` varchar(255) NOT NULL,
  `jwt_version` int(11) NOT NULL DEFAULT '1',
  `registration_token` text NOT NULL,
  PRIMARY KEY (`id_kurir`)
) ENGINE=MyISAM  DEFAULT CHARSET=latin1 AUTO_INCREMENT=9 ;

--
-- Dumping data for table `tbl_kurir`
--

INSERT INTO `tbl_kurir` (`id_kurir`, `nama_kurir`, `email_kurir`, `nohp_kurir`, `plat_kendaraan`, `is_active`, `is_standby`, `is_delete`, `password`, `jwt_version`, `registration_token`) VALUES
(1, 'BK 003 IIS || Syarif Ishak Al qadri ', 'wawan@gmail.com', '3252353', 'KB4444AA', 1, 1, 0, '$2a$12$O5cW3YbfhRXllUs6tmjDUO3VV.FoybpyYzKY13T5b/jU37K9GBWaa', 2, 'c0fXoEO4z8E:APA91bF3kve9jKfrT967uuzJg57awF9gq2cHlNFLPCcw-sJUbFs1kEPjYPAzOOpvsc17hz4CjXsEDJ0rZzTjRXOyGeqND_97I7GpVFWmTG0daDqxfdTsZI156Mhz0ZiGihH8Q7UrLyvu'),
(2, 'BK 004 ll FAJAR SETIAWAN  ', 'babang@gmail.com', '213523525', 'KB8888AC', 1, 1, 0, '$2a$12$O5cW3YbfhRXllUs6tmjDUO3VV.FoybpyYzKY13T5b/jU37K9GBWaa', 1, 'dM_K54KdfHQ:APA91bGS60UuEA-L8WFrw8egdTMMlWJqpv7jgSCY7i8ykfaxIGz6LPh7zezqJql5VDlvHWt6AlOiRgOkGugKrEWNNrcYlTK3RLbLUMO8MdeJBrRsujEYuXrY2Qf93GqGpil7VCISXqfv'),
(3, 'BK 008 DEMSY || Demsy Ramadhan', 'bunjangkurir@gmail.com', '085245912002', 'kb 1234 jm', 1, 1, 0, '$2a$12$O5cW3YbfhRXllUs6tmjDUO3VV.FoybpyYzKY13T5b/jU37K9GBWaa', 1, ''),
(4, 'BK 002 JAIM || Muhammad Reza', 'ff@gmail.com', '1223', 'fqwrgqref', 1, 1, 0, '$2a$12$O5cW3YbfhRXllUs6tmjDUO3VV.FoybpyYzKY13T5b/jU37K9GBWaa', 1, ''),
(5, 'BK 005 RIO || RIO SAPUTRA', 'saputrario51@rocketmail.com', '081253866170', 'KB 2270 SN', 1, 1, 0, '$2a$12$O5cW3YbfhRXllUs6tmjDUO3VV.FoybpyYzKY13T5b/jU37K9GBWaa', 1, ''),
(6, 'BK 006 ARICOH || Arico Fardo', 'iuhefuiwiu@gmail.com', '4634646', 'rerherh66', 1, 1, 0, '$2a$12$O5cW3YbfhRXllUs6tmjDUO3VV.FoybpyYzKY13T5b/jU37K9GBWaa', 1, ''),
(7, 'BK 007 ARIS || Karisma Wardhani', 'kjdfnkwjk@gmail.com', '35235353253', 'rgrrrrtrrg', 1, 1, 0, '$2a$12$O5cW3YbfhRXllUs6tmjDUO3VV.FoybpyYzKY13T5b/jU37K9GBWaa', 1, ''),
(8, 'BK 009 CAOL || Chairul Dwiyandi ', 'lkndgklnklg@gmail.com', '11786187618', 'fgdfgdsfgs', 1, 1, 0, '$2a$12$O5cW3YbfhRXllUs6tmjDUO3VV.FoybpyYzKY13T5b/jU37K9GBWaa', 1, 'dM_K54KdfHQ:APA91bGS60UuEA-L8WFrw8egdTMMlWJqpv7jgSCY7i8ykfaxIGz6LPh7zezqJql5VDlvHWt6AlOiRgOkGugKrEWNNrcYlTK3RLbLUMO8MdeJBrRsujEYuXrY2Qf93GqGpil7VCISXqfv');

-- --------------------------------------------------------

--
-- Table structure for table `tbl_makanan`
--

CREATE TABLE IF NOT EXISTS `tbl_makanan` (
  `id_makanan` int(5) NOT NULL AUTO_INCREMENT,
  `id_group` int(5) NOT NULL,
  `id_tarif` int(10) NOT NULL,
  `nama_makanan` varchar(125) NOT NULL,
  `harga_makanan` int(5) NOT NULL,
  `nama_resto` varchar(100) NOT NULL,
  `detail_alamat_resto` varchar(255) NOT NULL,
  `foto_makanan` varchar(50) NOT NULL,
  PRIMARY KEY (`id_makanan`)
) ENGINE=InnoDB  DEFAULT CHARSET=latin1 AUTO_INCREMENT=7 ;

--
-- Dumping data for table `tbl_makanan`
--

INSERT INTO `tbl_makanan` (`id_makanan`, `id_group`, `id_tarif`, `nama_makanan`, `harga_makanan`, `nama_resto`, `detail_alamat_resto`, `foto_makanan`) VALUES
(3, 1, 12, 'ikan Pepes Kuah', 21000, 'asammart', 'depan gang bimasakti', 'makanan1.jpg'),
(4, 1, 12, 'Ikan Asam Pedas', 23000, 'asammart', 'depan gang bimasakti', 'makanan2.jpg'),
(5, 2, 4, 'Bolu Hijau', 45000, 'bolu kite', 'depan pertigaan belok kiri no 4', 'anekakue.jpg'),
(6, 3, 0, 'Cream Kue Manis', 50000, 'ponti cake', 'bang bersama no 345 blok c', 'anekacream.jpg');

-- --------------------------------------------------------

--
-- Table structure for table `tbl_menu_gerai`
--

CREATE TABLE IF NOT EXISTS `tbl_menu_gerai` (
  `id_menu` int(11) NOT NULL AUTO_INCREMENT,
  `id_gerai` int(11) NOT NULL,
  `id_kategori` int(11) NOT NULL,
  `nama_menu` varchar(255) NOT NULL,
  `link_gambar_menu` varchar(500) NOT NULL,
  `harga` int(8) NOT NULL,
  `deskripsi_menu` varchar(255) NOT NULL,
  PRIMARY KEY (`id_menu`)
) ENGINE=InnoDB  DEFAULT CHARSET=latin1 AUTO_INCREMENT=10 ;

--
-- Dumping data for table `tbl_menu_gerai`
--

INSERT INTO `tbl_menu_gerai` (`id_menu`, `id_gerai`, `id_kategori`, `nama_menu`, `link_gambar_menu`, `harga`, `deskripsi_menu`) VALUES
(3, 7, 6, 'Crispy Chicken Original ', 'ayambiase.jpg', 27000, ''),
(4, 7, 6, 'Crispy Chicken BBQ', 'ayambbq.jpg', 27000, ''),
(5, 7, 6, 'Crispy Chicken Seaweed', 'ayamjepun.jpg', 30000, ''),
(6, 7, 6, 'Crispy Chicken Green Onion', 'ayam.jpg', 30000, ''),
(7, 7, 1, 'Otak-otak Singapore', 'singapurepunye.jpg', 12000, ''),
(8, 7, 1, 'Pangsit', 'pangsit.jpg', 12000, ''),
(9, 7, 1, 'Shomay', 'shomay.jpg', 12000, '');

-- --------------------------------------------------------

--
-- Table structure for table `tbl_message`
--

CREATE TABLE IF NOT EXISTS `tbl_message` (
  `id_message` int(11) NOT NULL AUTO_INCREMENT,
  `id_pelanggan` int(11) NOT NULL,
  `title_message` varchar(100) NOT NULL,
  `deskripsi_message` varchar(255) NOT NULL,
  `date_message` datetime NOT NULL,
  `is_read` tinyint(3) unsigned NOT NULL,
  PRIMARY KEY (`id_message`)
) ENGINE=MyISAM  DEFAULT CHARSET=latin1 AUTO_INCREMENT=117 ;

--
-- Dumping data for table `tbl_message`
--

INSERT INTO `tbl_message` (`id_message`, `id_pelanggan`, `title_message`, `deskripsi_message`, `date_message`, `is_read`) VALUES
(1, 2, 'Konfirmasi', 'Dari: ', '2016-07-01 04:55:56', 1),
(2, 2, 'Konfirmasi', 'Dari: ', '2016-07-01 04:56:21', 0),
(3, 2, 'Konfirmasi', 'Dari: ', '2016-07-01 05:00:51', 0),
(4, 2, 'Konfirmasi', 'Dari: ', '2016-07-01 05:01:05', 0),
(5, 2, 'Konfirmasi', 'Dari: ', '2016-07-01 05:01:12', 0),
(6, 1, 'Konfirmasi', '#BK1606300002 telah dikonfirmasi.', '2016-07-01 05:02:44', 0),
(7, 1, 'Konfirmasi', '#BK1606300002 telah dikonfirmasi.', '2016-07-01 05:16:56', 0),
(8, 1, 'Konfirmasi', '#BK1606300006 telah dikonfirmasi.', '2016-07-01 05:27:50', 0),
(9, 1, 'Konfirmasi', '#BK1606300006 telah dikonfirmasi.', '2016-07-01 05:27:53', 0),
(10, 1, 'Konfirmasi', '#BK1606300006 telah dikonfirmasi.', '2016-07-01 05:27:54', 0),
(11, 1, 'Konfirmasi', '#BK1606300006 telah dikonfirmasi.', '2016-07-01 05:27:55', 0),
(12, 1, 'Konfirmasi', '#BK1606300006 telah dikonfirmasi.', '2016-07-01 05:27:55', 0),
(13, 1, 'Konfirmasi', '#BK1606300005 telah dikonfirmasi.', '2016-07-01 06:05:19', 0),
(14, 1, 'Konfirmasi', '#BK1606300004 telah dikonfirmasi.', '2016-07-01 06:05:43', 0),
(15, 1, 'Konfirmasi', '#BK1606300002 telah dikonfirmasi.', '2016-07-01 06:08:16', 0),
(16, 1, 'Konfirmasi', '#BK1606300002 telah dikonfirmasi.', '2016-07-01 06:08:32', 0),
(17, 1, 'Konfirmasi', '#BK1606300002 telah dikonfirmasi.', '2016-07-01 06:09:30', 0),
(18, 1, 'Konfirmasi', '#BK1606300002 telah dikonfirmasi.', '2016-07-01 06:09:31', 0),
(19, 1, 'Konfirmasi', '#BK1606300009 telah dikonfirmasi.', '2016-07-01 06:13:56', 0),
(20, 1, 'Konfirmasi', '#BK1606300008 telah dikonfirmasi.', '2016-07-01 06:14:14', 0),
(21, 1, 'Konfirmasi', '#BK1606300005 telah dikonfirmasi.', '2016-07-01 06:18:11', 0),
(22, 1, 'Konfirmasi', '#BK1606300005 telah dikonfirmasi.', '2016-07-01 06:18:19', 0),
(23, 1, 'Konfirmasi', '#BK1606300003 telah dikonfirmasi.', '2016-07-01 06:22:13', 0),
(24, 1, 'Konfirmasi', '#BK1606300007 telah dikonfirmasi.', '2016-07-01 07:39:40', 0),
(25, 1, 'Konfirmasi', '#BK1606300006 telah dikonfirmasi.', '2016-07-01 07:50:09', 0),
(26, 1, 'Konfirmasi', '#BK1606300006 telah dikonfirmasi.', '2016-07-01 07:50:11', 0),
(27, 1, 'Konfirmasi', '#BK1606300002 telah dikonfirmasi.', '2016-07-01 07:50:35', 0),
(28, 1, 'Konfirmasi', '#BK1606300002 telah dikonfirmasi.', '2016-07-01 07:51:11', 0),
(29, 1, 'Konfirmasi', '#BK1606300002 telah dikonfirmasi.', '2016-07-01 07:51:27', 0),
(30, 1, 'Konfirmasi', '#BK1606300002 telah dikonfirmasi.', '2016-07-01 07:51:32', 0),
(31, 1, 'Konfirmasi', '#BK1606300002 telah dikonfirmasi.', '2016-07-01 07:54:00', 0),
(32, 1, 'Konfirmasi', '#BK1606300002 telah dikonfirmasi.', '2016-07-01 07:54:13', 0),
(33, 1, 'Konfirmasi', '#BK1606300002 telah dikonfirmasi.', '2016-07-01 07:56:06', 0),
(34, 1, 'Konfirmasi', '#BK1606300002 telah dikonfirmasi.', '2016-07-01 07:56:14', 0),
(35, 1, 'Konfirmasi', '#BK1606300002 telah dikonfirmasi.', '0000-00-00 00:00:00', 0),
(36, 1, 'Konfirmasi', '#BK1606300002 telah dikonfirmasi.', '0000-00-00 00:00:00', 0),
(37, 1, 'Konfirmasi', '#BK1606300002 telah dikonfirmasi.', '0000-00-00 00:00:00', 0),
(38, 1, 'Konfirmasi', '#BK1606190001 telah dikonfirmasi.', '2016-07-01 07:58:15', 0),
(39, 1, 'Konfirmasi', '#BK1606190001 telah dikonfirmasi.', '2016-07-01 07:58:19', 0),
(40, 1, 'Konfirmasi', '#BK1606190001 telah dikonfirmasi.', '2016-07-01 08:00:22', 0),
(41, 1, 'Konfirmasi', '#BK1606190001 telah dikonfirmasi.', '2016-07-01 08:01:19', 0),
(42, 1, 'Konfirmasi', '#BK1606300006 telah dikonfirmasi.', '2016-07-01 08:01:45', 0),
(43, 1, 'Konfirmasi', '#BK1606300005 telah dikonfirmasi.', '2016-07-01 08:02:00', 0),
(44, 1, 'Konfirmasi', '#BK1606300004 telah dikonfirmasi.', '2016-07-01 08:02:20', 0),
(45, 1, 'Konfirmasi', '#BK1606300003 telah dikonfirmasi.', '2016-07-01 08:02:57', 0),
(46, 1, 'Konfirmasi', '#BK1606300002 telah dikonfirmasi.', '2016-07-01 08:04:30', 0),
(47, 1, 'Konfirmasi', '#BK1607010001 telah dibatalkan.', '2016-07-01 08:23:10', 0),
(48, 129, 'Konfirmasi', '#BK1606280006 telah dikonfirmasi.', '2016-07-01 16:28:21', 0),
(49, 1, 'Konfirmasi', '#BK1606250006 telah dikonfirmasi.', '2016-07-01 16:31:31', 0),
(50, 1, 'Konfirmasi', '#BK1606220001 telah dikonfirmasi.', '2016-07-02 11:51:04', 0),
(51, 5, 'Konfirmasi', '#BK1606280001 telah dikonfirmasi.', '2016-07-02 11:52:00', 0),
(52, 1, 'Konfirmasi', '#BK1607020001 telah dikonfirmasi.', '2016-07-02 11:53:49', 0),
(53, 5, 'Konfirmasi', '#BK1606280005 telah dikonfirmasi.', '2016-07-02 12:11:40', 0),
(54, 6, 'Konfirmasi', '#BK1606280004 telah dibatalkan.', '2016-07-02 12:11:48', 0),
(55, 37, 'Konfirmasi', '#BK1606280002 telah dikonfirmasi.', '2016-07-02 12:15:30', 0),
(56, 1, 'Konfirmasi', '#BK1606250001 telah dibatalkan.', '2016-07-02 12:16:47', 0),
(57, 1, 'Konfirmasi', '#BK1606250003 telah dikonfirmasi.', '2016-07-02 12:26:59', 0),
(58, 1, 'Konfirmasi', '#BK1606250004 telah dibatalkan.', '2016-07-02 12:28:45', 0),
(59, 129, 'Konfirmasi', '#BK1606280006 telah dikonfirmasi.', '2016-07-02 12:30:43', 0),
(60, 5, 'Konfirmasi', '#BK1606280005 telah dikonfirmasi.', '2016-07-02 12:31:10', 0),
(61, 6, 'Konfirmasi', '#BK1606280004 telah dikonfirmasi.', '2016-07-02 12:31:36', 0),
(62, 5, 'Konfirmasi', '#BK1606280003 telah dikonfirmasi.', '2016-07-02 12:31:46', 0),
(63, 5, 'Konfirmasi', '#BK1606280003 telah dikonfirmasi.', '2016-07-02 12:33:04', 0),
(64, 5, 'Konfirmasi', '#BK1606280003 telah dikonfirmasi.', '2016-07-02 12:33:12', 0),
(65, 5, 'Konfirmasi', '#BK1606280003 telah dikonfirmasi.', '2016-07-02 12:33:14', 0),
(66, 5, 'Konfirmasi', '#BK1606280003 telah dikonfirmasi.', '2016-07-02 12:33:17', 0),
(67, 37, 'Konfirmasi', '#BK1606280002 telah dibatalkan.', '2016-07-02 12:38:08', 0),
(68, 5, 'Konfirmasi', '#BK1606280001 telah dikonfirmasi.', '2016-07-02 12:39:30', 0),
(69, 1, 'Konfirmasi', '#BK1607020001 telah dikonfirmasi.', '2016-07-02 12:42:43', 0),
(70, 1, 'Konfirmasi', '#BK1607020001 telah dikonfirmasi.', '2016-07-02 12:43:16', 0),
(71, 1, 'Konfirmasi', '#BK1607020001 telah dikonfirmasi.', '2016-07-02 12:43:18', 0),
(72, 1, 'Konfirmasi', '#BK1607010001 telah dikonfirmasi.', '2016-07-02 12:44:21', 0),
(73, 6, 'Konfirmasi', '#BK1606300001 telah dibatalkan.', '2016-07-02 12:44:29', 0),
(74, 6, 'Konfirmasi', '#BK1606290001 telah dibatalkan.', '2016-07-02 12:45:06', 0),
(75, 129, 'Konfirmasi', '#BK1606280006 telah dikonfirmasi.', '2016-07-02 12:45:12', 0),
(76, 1, 'Konfirmasi', '#BK1607020003 telah dikonfirmasi.', '2016-07-02 17:54:21', 0),
(77, 1, 'Konfirmasi', '#BK1607060001 telah dikonfirmasi.', '2016-07-06 21:26:22', 0),
(78, 1, 'Konfirmasi', '#BK1607060003 telah dibatalkan.', '2016-07-06 21:30:44', 0),
(79, 1, 'Konfirmasi', '#BK1607060006 telah dikonfirmasi.', '2016-07-06 21:33:39', 0),
(80, 1, 'Konfirmasi', '#BK1607060005 telah dibatalkan.', '2016-07-06 21:33:44', 0),
(81, 1, 'Konfirmasi', '#BK1607060004 telah dikonfirmasi.', '2016-07-06 21:37:40', 0),
(82, 1, 'Konfirmasi', '#BK1607070001 telah dikonfirmasi.', '2016-07-07 00:16:00', 0),
(83, 1, 'Konfirmasi', '#BK1607070002 telah dikonfirmasi.', '2016-07-07 00:59:53', 0),
(84, 1, 'Konfirmasi', '#BK1607070003 telah dibatalkan.', '2016-07-07 01:00:10', 0),
(85, 1, 'Konfirmasi', '#BK1607070005 telah dikonfirmasi.', '2016-07-07 11:34:29', 0),
(86, 1, 'Konfirmasi', '#BK1607110001 telah dikonfirmasi.', '2016-07-11 16:48:31', 0),
(87, 168, 'Konfirmasi', '#BK1607250001 telah dikonfirmasi.', '2016-07-25 15:12:41', 0),
(88, 187, 'Konfirmasi', '#BK1607260001 telah dikonfirmasi.', '2016-07-26 11:54:27', 0),
(89, 191, 'Konfirmasi', '#BK1607260002 telah dikonfirmasi.', '2016-07-26 16:02:06', 0),
(90, 200, 'Konfirmasi', '#BK1607270001 telah dikonfirmasi.', '2016-07-27 09:14:52', 0),
(91, 199, 'Konfirmasi', '#BK1607270002 telah dikonfirmasi.', '2016-07-27 11:31:58', 0),
(92, 212, 'Konfirmasi', '#BK1607270003 telah dikonfirmasi.', '2016-07-27 14:30:34', 0),
(93, 212, 'Konfirmasi', '#BK1607270004 telah dikonfirmasi.', '2016-07-27 14:50:14', 0),
(94, 212, 'Konfirmasi', '#BK1607300001 telah dikonfirmasi.', '2016-07-30 14:20:06', 0),
(95, 91, 'Konfirmasi', '#BK1607310001 telah dikonfirmasi.', '2016-07-31 16:29:55', 0),
(96, 10, 'Konfirmasi', '#BK1608070001 telah dikonfirmasi.', '2016-08-07 14:11:58', 0),
(97, 354, 'Konfirmasi', '#BK1608080001 telah dikonfirmasi.', '2016-08-08 11:55:05', 0),
(98, 395, 'Konfirmasi', '#BK1608110002 telah dikonfirmasi.', '2016-08-11 13:43:25', 0),
(99, 406, 'Konfirmasi', '#BK1608110003 telah dibatalkan.', '2016-08-11 14:21:08', 0),
(100, 91, 'Konfirmasi', '#BK1608120001 telah dikonfirmasi.', '2016-08-12 09:47:10', 0),
(101, 395, 'Konfirmasi', '#BK1608120002 telah dikonfirmasi.', '2016-08-12 10:56:04', 0),
(102, 451, 'Konfirmasi', '#BK1608150002 telah dikonfirmasi.', '2016-08-15 22:40:13', 0),
(103, 410, 'Konfirmasi', '#BK1608160001 telah dikonfirmasi.', '2016-08-16 11:53:38', 0),
(104, 321, 'Konfirmasi', '#BK1608160002 telah dikonfirmasi.', '2016-08-16 13:56:45', 0),
(105, 321, 'Konfirmasi', '#BK1608160003 telah dibatalkan.', '2016-08-16 14:32:48', 0),
(106, 321, 'Konfirmasi', '#BK1608190002 telah dikonfirmasi.', '2016-08-19 14:13:30', 0),
(107, 395, 'Konfirmasi', '#BK1608220002 telah dikonfirmasi.', '2016-08-22 12:39:23', 0),
(108, 19, 'Konfirmasi', '#BK1608230001 telah dikonfirmasi.', '2016-08-23 15:15:16', 0),
(109, 539, 'Konfirmasi', '#BK1608240001 telah dikonfirmasi.', '2016-08-24 18:14:25', 0),
(110, 498, 'Konfirmasi', '#BK1608240002 telah dikonfirmasi.', '2016-08-24 20:10:09', 0),
(111, 563, 'Konfirmasi', '#BK1608250003 telah dikonfirmasi.', '2016-08-25 13:26:43', 0),
(112, 136, 'Konfirmasi', '#BK1608270001 telah dikonfirmasi.', '2016-08-27 15:50:08', 0),
(113, 136, 'Konfirmasi', '#BK1608280001 telah dikonfirmasi.', '2016-08-28 15:51:23', 0),
(114, 585, 'Konfirmasi', '#BK1610240001 telah dikonfirmasi.', '2016-10-24 11:36:44', 0),
(115, 585, 'Konfirmasi', '#BK1610280001 telah dikonfirmasi.', '2016-10-28 09:02:15', 0),
(116, 585, 'Konfirmasi', '#BK1611080001 telah dikonfirmasi.', '2016-11-08 16:47:17', 0);

-- --------------------------------------------------------

--
-- Table structure for table `tbl_notification`
--

CREATE TABLE IF NOT EXISTS `tbl_notification` (
  `id_notif` int(11) NOT NULL AUTO_INCREMENT,
  `title_notif` varchar(100) NOT NULL,
  `deskripsi_notif` varchar(255) NOT NULL,
  `date_notif` datetime NOT NULL,
  `type` tinyint(1) unsigned NOT NULL COMMENT '1 = new user;0 = new invoice;',
  `is_read` tinyint(1) unsigned NOT NULL DEFAULT '0',
  PRIMARY KEY (`id_notif`)
) ENGINE=MyISAM  DEFAULT CHARSET=latin1 AUTO_INCREMENT=100 ;

--
-- Dumping data for table `tbl_notification`
--

INSERT INTO `tbl_notification` (`id_notif`, `title_notif`, `deskripsi_notif`, `date_notif`, `type`, `is_read`) VALUES
(1, 'Pengguna Baru Terdaftar', 'Nama Vicky, Email Cungkriink@yahoo.com', '0000-00-00 00:00:00', 0, 1),
(2, 'Invoice Baru', 'Nama Yuyun, Email yuyun@yahoo.com', '0000-00-00 00:00:00', 1, 1),
(3, 'Invoice Baru', 'Nama Yuyun, Email yuyun@yahoo.com', '0000-00-00 00:00:00', 1, 1),
(4, 'Pengguna Baru Terdaftar', 'Nama Vicky, Email Cungkriink@yahoo.com', '0000-00-00 00:00:00', 0, 1),
(5, 'Invoice Baru', 'Nama Pelanggan: Vicky W.', '2016-06-30 08:47:33', 1, 1),
(6, 'Invoice Baru', 'Dari: Vicky W.', '2016-06-30 08:50:55', 1, 1),
(7, 'Invoice Baru', 'Dari: Vicky W.', '2016-07-01 08:04:38', 1, 1),
(8, 'Invoice Baru', 'Dari: Vicky W.', '2016-07-01 16:00:22', 1, 1),
(9, 'Invoice Baru', 'Dari: Vicky', '2016-07-02 11:52:50', 1, 1),
(10, 'Invoice Baru', 'Dari: Vicky', '2016-07-02 12:52:47', 1, 1),
(11, 'Invoice Baru', 'Dari: Vicky', '2016-07-02 13:27:07', 1, 1),
(12, 'Invoice Baru', 'Dari: Vicky', '2016-07-02 18:09:44', 1, 1),
(13, 'Invoice Baru', 'Dari: Vicky', '2016-07-02 18:10:28', 1, 1),
(14, 'Invoice Baru', 'Dari: Vicky', '2016-07-02 18:11:00', 1, 1),
(15, 'Invoice Baru', 'Dari: Vicky', '2016-07-03 18:27:38', 1, 1),
(16, 'Invoice Baru', 'Dari: Vicky', '2016-07-03 18:29:02', 1, 1),
(17, 'Invoice Baru', 'Dari: Vicky', '2016-07-03 22:31:10', 1, 1),
(18, 'Invoice Baru', 'Dari: Vicky', '2016-07-03 22:39:30', 1, 1),
(19, 'Invoice Baru', 'Dari: Vicky', '2016-07-03 23:57:27', 1, 1),
(20, 'Invoice Baru', 'Dari: Vicky', '2016-07-06 21:26:02', 1, 1),
(21, 'Invoice Baru', 'Dari: Vicky', '2016-07-06 21:26:43', 1, 1),
(22, 'Invoice Baru', 'Dari: Vicky', '2016-07-06 21:29:33', 1, 1),
(23, 'Invoice Baru', 'Dari: Vicky', '2016-07-06 21:31:02', 1, 1),
(24, 'Invoice Baru', 'Dari: Vicky', '2016-07-06 21:31:25', 1, 1),
(25, 'Invoice Baru', 'Dari: Vicky', '2016-07-06 21:31:51', 1, 1),
(26, 'Invoice Baru', 'Dari: Vicky', '2016-07-07 00:15:41', 1, 1),
(27, 'Invoice Baru', 'Dari: Vicky', '2016-07-07 00:59:47', 1, 1),
(28, 'Invoice Baru', 'Dari: Vicky', '2016-07-07 01:00:07', 1, 1),
(29, 'Invoice Baru', 'Dari: Vicky', '2016-07-07 01:01:05', 1, 1),
(30, 'Invoice Baru', 'Dari: Vicky', '2016-07-07 11:34:18', 1, 1),
(31, 'Invoice Baru', 'Dari: Vicky', '2016-07-11 16:48:11', 1, 1),
(32, 'Invoice Baru', 'Dari: lendy', '2016-07-25 15:04:32', 1, 1),
(33, 'Invoice Baru', 'Dari: Sriwahyu Rahmasari', '2016-07-26 11:50:00', 1, 1),
(34, 'Invoice Baru', 'Dari: ira safitri', '2016-07-26 15:44:39', 1, 1),
(35, 'Invoice Baru', 'Dari: Wenny', '2016-07-27 09:01:35', 1, 1),
(36, 'Invoice Baru', 'Dari: Bowie Andrew', '2016-07-27 11:17:57', 1, 1),
(37, 'Invoice Baru', 'Dari: desi verawati', '2016-07-27 14:30:11', 1, 1),
(38, 'Invoice Baru', 'Dari: desi verawati', '2016-07-27 14:34:07', 1, 1),
(39, 'Invoice Baru', 'Dari: desi verawati', '2016-07-30 13:39:37', 1, 1),
(40, 'Invoice Baru', 'Dari: aditia ', '2016-07-31 16:25:10', 1, 1),
(41, 'Invoice Baru', 'Dari: Louise Wulandari', '2016-08-07 13:57:30', 1, 1),
(42, 'Invoice Baru', 'Dari: Dipa Patria Mahardhika', '2016-08-08 11:33:12', 1, 1),
(43, 'Invoice Baru', 'Dari: Feliani', '2016-08-11 10:47:28', 1, 1),
(44, 'Invoice Baru', 'Dari: Feliani', '2016-08-11 13:32:52', 1, 1),
(45, 'Invoice Baru', 'Dari: Ganendra adam', '2016-08-11 13:44:32', 1, 1),
(46, 'Invoice Baru', 'Dari: aditia ', '2016-08-12 09:37:25', 1, 1),
(47, 'Invoice Baru', 'Dari: Feliani', '2016-08-12 10:48:29', 1, 1),
(48, 'Invoice Baru', 'Dari: Louise Wulandari', '2016-08-12 11:26:30', 1, 1),
(49, 'Invoice Baru', 'Dari: Jovie', '2016-08-15 22:17:02', 1, 1),
(50, 'Invoice Baru', 'Dari: novi andriany', '2016-08-16 11:33:36', 1, 1),
(51, 'Invoice Baru', 'Dari: dedy setiadi annur ', '2016-08-16 13:44:41', 1, 1),
(52, 'Invoice Baru', 'Dari: dedy setiadi annur ', '2016-08-16 14:17:29', 1, 1),
(53, 'Invoice Baru', 'Dari: Megawati', '2016-08-18 19:18:30', 1, 1),
(54, 'Invoice Baru', 'Dari: Arya Fatan Dio', '2016-08-19 11:16:48', 1, 1),
(55, 'Invoice Baru', 'Dari: Arya Fatan Dio', '2016-08-19 11:16:48', 1, 1),
(56, 'Invoice Baru', 'Dari: Arya Fatan Dio', '2016-08-19 11:17:00', 1, 1),
(57, 'Invoice Baru', 'Dari: Arya Fatan Dio', '2016-08-19 11:17:01', 1, 1),
(58, 'Invoice Baru', 'Dari: Arya Fatan Dio', '2016-08-19 11:17:02', 1, 1),
(59, 'Invoice Baru', 'Dari: dedy setiadi annur ', '2016-08-19 13:34:33', 1, 1),
(60, 'Invoice Baru', 'Dari: Muhammad Razib', '2016-08-22 10:41:46', 1, 1),
(61, 'Invoice Baru', 'Dari: Feliani', '2016-08-22 12:28:39', 1, 1),
(62, 'Invoice Baru', 'Dari: Louise Wulandari', '2016-08-23 15:10:30', 1, 1),
(63, 'Invoice Baru', 'Dari: Alfian yuda prasetiyo', '2016-08-24 17:54:53', 1, 1),
(64, 'Invoice Baru', 'Dari: suriyana', '2016-08-24 19:34:52', 1, 1),
(65, 'Invoice Baru', 'Dari: yulia', '2016-08-25 13:21:57', 1, 1),
(66, 'Invoice Baru', 'Dari: Antonius Yonathan', '2016-08-27 15:43:00', 1, 1),
(67, 'Invoice Baru', 'Dari: Antonius Yonathan', '2016-08-27 15:45:43', 1, 1),
(68, 'Invoice Baru', 'Dari: Antonius Yonathan', '2016-08-28 15:50:03', 1, 1),
(69, 'Invoice Baru', 'Dari: Antonius Yonathan', '2016-08-28 15:50:11', 1, 1),
(70, 'Invoice Baru', 'Dari: Antonius Yonathan', '2016-08-28 15:50:12', 1, 1),
(71, 'Invoice Baru', 'Dari: Antonius Yonathan', '2016-08-28 15:50:12', 1, 1),
(72, 'Invoice Baru', 'Dari: Antonius Yonathan', '2016-08-28 15:50:13', 1, 1),
(73, 'Invoice Baru', 'Dari: Antonius Yonathan', '2016-08-28 15:50:13', 1, 1),
(74, 'Invoice Baru', 'Dari: Antonius Yonathan', '2016-08-28 15:50:14', 1, 1),
(75, 'Invoice Baru', 'Dari: Antonius Yonathan', '2016-08-28 15:50:15', 1, 1),
(76, 'Invoice Baru', 'Dari: Antonius Yonathan', '2016-08-28 15:50:15', 1, 1),
(77, 'Invoice Baru', 'Dari: Antonius Yonathan', '2016-08-28 15:50:16', 1, 1),
(78, 'Invoice Baru', 'Dari: Antonius Yonathan', '2016-08-28 15:50:16', 1, 1),
(79, 'Invoice Baru', 'Dari: adam bagus sasmita', '2016-10-19 15:59:13', 1, 1),
(80, 'Invoice Baru', 'Dari: adam bagus sasmita', '2016-10-19 16:00:38', 1, 1),
(81, 'Invoice Baru', 'Dari: riszky r', '2016-10-20 22:58:22', 1, 1),
(82, 'Invoice Baru', 'Dari: riszky r', '2016-10-21 03:20:16', 1, 1),
(83, 'Invoice Baru', 'Dari: riszky r', '2016-10-21 03:21:09', 1, 1),
(84, 'Invoice Baru', 'Dari: pandhe prakarsa', '2016-10-21 16:22:15', 1, 1),
(85, 'Invoice Baru', 'Dari: pandhe prakarsa', '2016-10-24 10:59:01', 1, 1),
(86, 'Invoice Baru', 'Dari: pandhe prakarsa', '2016-10-24 11:14:17', 1, 1),
(87, 'Invoice Baru', 'Dari: adam', '2016-10-25 17:02:25', 1, 1),
(88, 'Invoice Baru', 'Dari: pandhe prakarsa', '2016-10-26 18:23:50', 1, 1),
(89, 'Invoice Baru', 'Dari: pandhe prakarsa', '2016-10-26 19:34:40', 1, 1),
(90, 'Invoice Baru', 'Dari: pandhe prakarsa', '2016-10-28 09:00:29', 1, 0),
(91, 'Invoice Baru', 'Dari: pandhe prakarsa', '2016-10-28 10:01:55', 1, 0),
(92, 'Invoice Baru', 'Dari: pandhe prakarsa', '2016-11-02 14:45:49', 1, 0),
(93, 'Invoice Baru', 'Dari: pandhe prakarsa', '2016-11-02 15:37:49', 1, 0),
(94, 'Invoice Baru', 'Dari: pandhe prakarsa', '2016-11-02 15:48:24', 1, 0),
(95, 'Invoice Baru', 'Dari: pandhe prakarsa', '2016-11-02 17:54:16', 1, 0),
(96, 'Invoice Baru', 'Dari: pandhe prakarsa', '2016-11-03 11:10:27', 1, 0),
(97, 'Invoice Baru', 'Dari: pandhe prakarsa', '2016-11-06 20:27:36', 1, 0),
(98, 'Invoice Baru', 'Dari: pandhe prakarsa', '2016-11-08 16:45:28', 1, 0),
(99, 'Invoice Baru', 'Dari: pandhe prakarsa', '2016-11-10 11:59:11', 1, 0);

-- --------------------------------------------------------

--
-- Table structure for table `tbl_order_barang`
--

CREATE TABLE IF NOT EXISTS `tbl_order_barang` (
  `id_order_barang` int(10) unsigned NOT NULL AUTO_INCREMENT,
  `id_invoice` int(10) unsigned DEFAULT NULL,
  `id_pelanggan` int(11) DEFAULT NULL,
  `waktu_order` datetime NOT NULL,
  `type_order` varchar(5) DEFAULT NULL,
  `detail_order` varchar(255) NOT NULL,
  `alamat_order` varchar(255) DEFAULT NULL,
  `detail_alamat_order` varchar(225) DEFAULT NULL,
  `namanohp_penerima` varchar(225) DEFAULT NULL,
  `alamat_antar` varchar(255) DEFAULT NULL,
  `detail_alamat` varchar(255) DEFAULT NULL,
  `catatan` varchar(500) DEFAULT NULL,
  `tarif` float(10,2) DEFAULT NULL,
  `is_confirmed` tinyint(3) NOT NULL DEFAULT '0' COMMENT '1=done',
  `is_pending` tinyint(3) unsigned NOT NULL DEFAULT '1',
  PRIMARY KEY (`id_order_barang`)
) ENGINE=MyISAM  DEFAULT CHARSET=latin1 AUTO_INCREMENT=20 ;

--
-- Dumping data for table `tbl_order_barang`
--

INSERT INTO `tbl_order_barang` (`id_order_barang`, `id_invoice`, `id_pelanggan`, `waktu_order`, `type_order`, `detail_order`, `alamat_order`, `detail_alamat_order`, `namanohp_penerima`, `alamat_antar`, `detail_alamat`, `catatan`, `tarif`, `is_confirmed`, `is_pending`) VALUES
(1, 1, 1, '2016-06-19 11:07:20', 'Beli', 'Shampo Anjing', 'Jalan MT', NULL, NULL, 'Jl wonodadi ', 'gg samping ruko', 'gpl', 40000.00, 1, 0),
(2, 3, 1, '2016-06-23 18:07:27', 'Beli', 'Beli barang apa ke', 'jalan kelam', NULL, NULL, 'Jalan Abdurrahman Saleh', 'gg pakis no2', '081238123112', 15000.00, 1, 0),
(3, 4, 1, '2016-06-24 00:41:18', 'Beli', 'qweqwe', 'qweqwe', NULL, NULL, 'Jalan Trunojoyo', 'qweqwe', 'qweqwe', 15000.00, -2, 0),
(4, 9, 1, '2016-06-25 04:15:07', 'Beli', 'qweqwe', 'Jalan A.R Hakim', 'qweqwe', 'qweqwe', 'Jalan A.R Hakim', 'qweqwe', 'qweqwe', 15000.00, -1, 0),
(5, 9, 1, '2016-06-25 04:16:30', 'Ambil', 'detail barang', 'Jalan Abdurrahman Saleh', 'alamat order detail', 'nama  nope', 'Jalan Ade Irma Suryani', 'alamat antar detail', 'catatan', 15000.00, -1, 0),
(6, 17, 5, '2016-06-26 09:17:50', 'Beli', 'Tas', 'Jalan Abdurrahman Saleh', 'No 1', 'irwan', 'Jalan Ade Irma Suryani', 'No 2', 'tas', 15000.00, 1, 0),
(7, 27, 129, '2016-06-28 10:09:35', 'Ambil', '1 kotak kue', 'Jalan Ahmad Dahlan', 'Gg. Satu', 'Adam 089693332812', 'Jalan Adisucipto (Gerbang Selamat Datang Sampai Lampu Merah)', 'Gg. Dua', 'Adam 089693332812', 20000.00, 1, 0),
(8, 28, 6, '2016-06-29 08:38:15', 'Beli', 'nakakab', 'Jalan Ade Irma Suryani', 'jmmS ', 'adam 08130192)373', 'Jalan Adisucipto (Gerbang Selamat Datang Sampai Lampu Merah)', 'bkzlz', 'nzkskssnxj', 20000.00, -1, 0),
(9, 35, 1, '2016-07-02 13:27:06', 'Beli', 'qweqwe', 'Jalan A.R Hakim', 'qweqw', 'qweqwe', 'Jalan A.R Hakim', 'qweqwe', 'qweqwe', 15000.00, 1, 0),
(10, 36, 1, '2016-07-02 18:09:41', 'Beli', 'vuu', 'Jalan Abdurrahman Saleh', 'vuu', 'qweqw', 'Jalan Abdurrahman Saleh', 'qweqwe', 'qweqwe', 15000.00, -2, 0),
(11, 37, 1, '2016-07-02 18:10:04', 'Beli', 'vuu', 'Jalan Ade Irma Suryani', 'vuu', 'qweqwe', 'Jalan Adisucipto (Gerbang Selamat Datang Sampai Lampu Merah)', 'qweqwe', 'qweqwe', 20000.00, -2, 0),
(12, 44, 1, '2016-07-06 21:25:39', 'Ambil', 'qweqqweqwe', 'Jalan Adisucipto (Gerbang Selamat Datang Sampai Lampu Merah)', 'qweqwe', 'qweqwe', 'Jalan Abdurrahman Saleh', 'qweqwe', 'qweqweq', 20000.00, 1, 0),
(13, 51, 1, '2016-07-07 00:59:41', 'Beli', 'qweqweqwe', 'Jalan Adisucipto (Gerbang Selamat Datang Sampai Lampu Merah)', 'qweqwe', 'qweqwe', 'Jalan Ade Irma Suryani', 'qweqwe', 'qweqweqwe', 20000.00, 1, 0),
(14, 72, 91, '2016-08-12 09:37:17', 'Ambil', 'Pengambilan kartu perdana halo atas nama Aditia Pratama putra', 'Jalan H R A Rahman', 'GraPARI telkomsel', 'Aditia Pratama  08565008962', 'Jalan Imam Bonjol', 'Optiik seiraya', '08565008961', 15000.00, 1, 0),
(15, 82, 321, '2016-08-19 13:34:14', 'Beli', 'Kaset film single karya raditya dika', 'Jalan Ahmad Yani', 'Ayani mega mall lantai 2 di gramedia', 'Dedy,082351040234', 'Jalan Syafe''i', 'Jl.syafe''i no 8 pontianak selatan kel.akcaya', 'Kalau tidak ada kaset nya belikan buku pemburu di manchester biru,082351040234', 15000.00, 1, 0),
(16, 86, 136, '2016-08-27 15:42:49', 'Beli', 'wewewe', 'Jalan Abdurrahman Saleh', 'wewewe', 'wewewe', 'Jalan A.R Hakim', 'wewewewe', 'wewewewewewe', 15000.00, -2, 0),
(17, 94, 3, '2016-10-17 16:51:41', 'Ambil', 'wifi ap', 'Jalan Palapa 3B', 'jl ted', '085624532421', 'Jalan Nias', 'tes', NULL, 15000.00, 0, 1),
(18, 108, 585, '2016-10-28 08:59:53', 'Beli', 'sepatu zolozole ukuran 32', 'Jalan Ahmad Marzuki', 'tes tes', '085654466520', 'Jalan Ade Irma Suryani', NULL, 'tes', 15000.00, 1, 0),
(19, 114, 585, '2016-11-03 11:08:54', 'Beli', 'ttt', 'Jalan Adisucipto (Gerbang Selamat Datang Sampai Lampu Merah)', 'ttt', 'uuytt', 'Jalan Adisucipto (Gerbang Selamat Datang Sampai Lampu Merah)', 'ttt', 'gyy', 20000.00, -2, 0);

-- --------------------------------------------------------

--
-- Table structure for table `tbl_order_makanan`
--

CREATE TABLE IF NOT EXISTS `tbl_order_makanan` (
  `id_order_makanan` int(10) unsigned NOT NULL AUTO_INCREMENT,
  `id_invoice` int(10) unsigned DEFAULT NULL,
  `id_pelanggan` int(11) DEFAULT NULL,
  `waktu_order` datetime NOT NULL,
  `nama_resto` varchar(255) DEFAULT NULL,
  `item_order` varchar(255) NOT NULL,
  `alamat_order` varchar(255) DEFAULT NULL,
  `detail_alamat_order` varchar(225) DEFAULT NULL,
  `alamat_antar` varchar(255) DEFAULT NULL,
  `detail_alamat` varchar(255) DEFAULT NULL,
  `catatan` varchar(500) DEFAULT NULL,
  `tarif` float(10,2) DEFAULT NULL,
  `is_confirmed` tinyint(3) NOT NULL DEFAULT '0' COMMENT '1=done',
  `is_pending` tinyint(3) unsigned NOT NULL DEFAULT '1',
  `porsi_order` int(5) DEFAULT NULL,
  `harga_satuan_order` int(8) DEFAULT NULL,
  PRIMARY KEY (`id_order_makanan`)
) ENGINE=MyISAM  DEFAULT CHARSET=latin1 AUTO_INCREMENT=125 ;

--
-- Dumping data for table `tbl_order_makanan`
--

INSERT INTO `tbl_order_makanan` (`id_order_makanan`, `id_invoice`, `id_pelanggan`, `waktu_order`, `nama_resto`, `item_order`, `alamat_order`, `detail_alamat_order`, `alamat_antar`, `detail_alamat`, `catatan`, `tarif`, `is_confirmed`, `is_pending`, `porsi_order`, `harga_satuan_order`) VALUES
(1, 1, 1, '2016-06-19 11:11:21', 'resto gm', '', 'jalan gm', '0', 'Jl kemakmuran ', 'gg apa', 'gpl', 15000.00, 1, 0, NULL, NULL),
(2, 3, 1, '2016-06-22 04:01:47', 'qweqwe', '', 'qweqwe', '0', 'Jl kemakmuran ', 'qweqwe', 'qweqwe', 15000.00, 1, 0, NULL, NULL),
(3, 5, 1, '2016-06-24 16:32:46', 'qweqweqw', '', 'qweqweqwe', '0', 'Jalan Wonoyoso', 'qweqweqw', 'eqweqweqwe', 15000.00, 1, 0, NULL, NULL),
(4, 6, 1, '2016-06-25 02:31:18', 'qweqwe', '', '2', '0', '2', NULL, 'qweqwe', 15000.00, -2, 0, NULL, NULL),
(5, 6, 1, '2016-06-25 03:03:33', 'qweqwe', '', 'Jalan Abdurrahman Saleh', NULL, 'Jalan Abdurrahman Saleh', NULL, 'qweqwe', 15000.00, -2, 0, NULL, NULL),
(6, 6, 1, '2016-06-25 03:13:25', 'qwe', '', 'Jalan Nias', 'qweqweqw', 'Jalan Husein Hamzah (sampai simpang ampera)', 'qweqwe', 'qweqwe', 15000.00, -2, 0, NULL, NULL),
(7, 7, 1, '2016-06-25 03:14:25', 'qweqwe', '', 'Jalan Arteri supadio (Cempaka Mas Sampai Wonodadi)', 'qweqwe', 'Jalan Ade Irma Suryani', 'qweqew', 'qweqwe', 40000.00, -1, 0, NULL, NULL),
(8, 7, 1, '2016-06-25 03:34:08', 'qweqwe', '', 'Jalan Ade Irma Suryani', 'qweqwe', 'Jalan Sultan Abdurrahman', 'qweqwe', 'qweqwe', 15000.00, -1, 0, NULL, NULL),
(9, 8, 1, '2016-06-25 04:07:20', 'qweqwe', '', 'Jalan Abdurrahman Saleh', 'qweqwe', 'Jalan Puri Indah', 'qweqwe', 'qweqwe', 15000.00, 1, 0, NULL, NULL),
(10, 11, 1, '2016-06-25 04:52:39', 'Gajah mada', 'Nasi Goreng', 'Jalan Gajahmada', 'samping hotel orchard', 'Jl Parit Haji Husin 2 (Sampai Simpang Jalan Padat Karya)', 'no 8', 'cepatan bos', 15000.00, 1, 0, NULL, NULL),
(11, 12, 1, '2016-06-25 05:06:47', 'Gajah mada', '', 'Jalan Karya Baru 2', 'Gg karya', 'Jalan Suprapto', 'Gang purnama', 'Cepat woi', 15000.00, 1, 0, NULL, NULL),
(13, 14, 6, '2016-06-25 06:45:41', 'bdjdj', '', 'Jalan Adisucipto (Makam Pahlawan Sampai Bandara ', 'bdjxk', 'Jalan Abdurrahman Saleh', 'bzkzkzbz', 'ndzkksz', 50000.00, 1, 0, NULL, NULL),
(14, 14, 6, '2016-06-25 09:27:18', 'pizzeria ', '', 'Jalan Arteri Supadio (PIL Sampai Indo Grosir)', 'test', 'Jalan Apel', 'test ', 'test ', 30000.00, 1, 0, NULL, NULL),
(15, 15, 5, '2016-06-26 06:36:53', 'abc', '', 'Jalan A.R Hakim', 'abc', 'Jalan Abdurrahman Saleh', 'abc', 'beli nasi kotak', 15000.00, 1, 0, NULL, NULL),
(16, 16, 5, '2016-06-26 09:15:02', 'alila', '', 'Jalan A.R Hakim', 'No 2', 'Jalan Adisucipto (Jalan Nurul Huda Sampai UN Mart)', 'No1 ', 'nasi goreng', 30000.00, 1, 0, NULL, NULL),
(17, 19, 4, '2016-06-26 11:17:07', 'sari bento', '', 'Jalan Ahmad Yani', 'Paket shabu shabu', 'Jalan Adisucipto (Gerbang Selamat Datang Sampai Lampu Merah)', 'Gg tai no 6', 'Dekat rumah warne kuning', 20000.00, -2, 0, NULL, NULL),
(18, 19, 4, '2016-06-27 01:34:51', 'alila', '', 'Jalan Sultan Abdurrahman', 'Skn', 'Jalan Adisucipto (Gerbang Selamat Datang Sampai Lampu Merah)', 'Mdmx', 'nKxm', 20000.00, -2, 0, NULL, NULL),
(21, 21, 2, '2016-06-27 16:08:25', 'Melda', '', 'Jalan Tanjungpura', 'tanjung pura', 'Jalan Parit Haji Muksin 2', 'star borneo', 'antar cepat', 30000.00, -2, 0, NULL, NULL),
(22, 22, 5, '2016-06-28 02:26:52', 'alila', '', 'Jalan A.R Hakim', 'No 1', 'Jl veteran', 'No 2', 'nasi bungkus', 15000.00, 1, 0, NULL, NULL),
(23, 23, 37, '2016-06-28 05:49:43', 'simpang raya', '', 'Jalan Pahlawan', 'Nasi lauk ayam dada + kuah + sambal', 'Jalan Prof DR H Nawawi ', 'Kampus fisip untan', 'Kalo udh nyampe depan kampus hubungi saya', 15000.00, -2, 0, NULL, NULL),
(24, 25, 6, '2016-06-28 09:28:37', 'vsjsjz', '', 'Jalan Abdurrahman Saleh', 'hzjskzj', 'Jalan Batas Pandang', 'bsjks', 'shshdudns', 15000.00, -2, 0, NULL, NULL),
(27, 31, 6, '2016-06-30 13:51:31', 'alila ', '', 'Jalan Sultan Abdurrahman', 'samping pelni', 'Jalan Arteri Supadio (Bundaran Sampai PIL)', 'tanggoe pizzeria ', 'pizza 2 ', 25000.00, -1, 0, NULL, NULL),
(28, 32, 1, '2016-07-01 16:00:19', 'Vicky Werenfridus', 'qweqweqw', 'Jalan Abdurrahman Saleh', 'qweqweqwe', 'Jalan Ade Irma Suryani', 'qweqweq', 'weqweqwe', 15000.00, 1, 0, NULL, NULL),
(29, 33, 1, '2016-07-02 11:52:41', 'qwe', 'qweqwe', 'Jalan Ade Irma Suryani', 'qweqwe', 'Jalan Abdurrahman Saleh', 'qweqwe', 'qweqwe', 15000.00, 1, 0, NULL, NULL),
(30, 34, 1, '2016-07-02 12:52:45', 'qweqweq', 'qweqwe', 'Jalan A.R Hakim', 'qweqwe', 'Jalan Adisucipto (Jalan Nurul Huda Sampai UN Mart)', 'qweqweqwe', 'qweqwe', 30000.00, -2, 0, NULL, NULL),
(31, 37, 1, '2016-07-02 18:10:23', 'vuuu', 'qweqwe', 'Jalan A.R Hakim', 'qweqwe', 'Jalan Ade Irma Suryani', 'qweqwe', 'qweqweqwe', 15000.00, -2, 0, NULL, NULL),
(32, 39, 1, '2016-07-03 18:27:36', 'qweqwe', 'qweqwe', 'Jalan A.R Hakim', 'qweqweqwe', 'Jalan Ade Irma Suryani', 'qweqweqwe', 'qweqweqwe', 15000.00, -2, 0, NULL, NULL),
(33, 40, 1, '2016-07-03 18:29:00', 'qweqwe', 'qweqwe', 'Jalan Abdurrahman Saleh', 'qweqweqw', 'Jalan Adisucipto (Gerbang Selamat Datang Sampai Lampu Merah)', 'qweqweqwe', 'qweqweqwe', 20000.00, -2, 0, NULL, NULL),
(34, 41, 1, '2016-07-03 22:31:09', 'qweqwe', 'qweqwe', 'Jalan Abdurrahman Saleh', 'qweqwe', 'Jalan Ade Irma Suryani', 'qweqwe', 'qweqwe', 15000.00, -2, 0, NULL, NULL),
(35, 42, 1, '2016-07-03 22:39:24', 'qweqwe', 'qweqwe', 'Jalan Adisucipto (Gerbang Selamat Datang Sampai Lampu Merah)', 'qweqwe', 'Jalan Ade Irma Suryani', 'qweqwe', 'qweqweqwe', 20000.00, -2, 0, NULL, NULL),
(36, 43, 1, '2016-07-03 23:57:24', 'qweqwe', 'qweqweqwe', 'Jalan A.R Hakim', 'qweqwe', 'Jalan Adisucipto (Gerbang Selamat Datang Sampai Lampu Merah)', 'qweqwe', 'qweqwe', 20000.00, -2, 0, NULL, NULL),
(37, 44, 1, '2016-07-06 21:25:28', 'qweqwe', 'qweqwe', 'Jalan Abdurrahman Saleh', 'qweqwe', 'Jalan Ade Irma Suryani', 'qweqwe', 'qweqweqwe', 15000.00, 1, 0, NULL, NULL),
(38, 48, 1, '2016-07-06 21:31:24', 'qweqwe', 'qwe', 'Jalan Abdurrahman Saleh', 'qweqwe', 'Jalan A.R Hakim', 'qwe', 'qweqweqwe', 15000.00, -1, 0, NULL, NULL),
(39, 54, 1, '2016-07-07 11:34:17', 'qweqwe', 'ewqeqwe', 'Jalan Abdurrahman Saleh', 'qweqwe', 'Jalan A.R Hakim', 'qweqwe', 'qweqwe', 15000.00, 1, 0, NULL, NULL),
(40, 55, 1, '2016-07-11 16:48:09', 'qweqwe', 'qweqweqwe', 'Jalan Ade Irma Suryani', 'qweqweqwe', 'Jalan Adisucipto (Gerbang Selamat Datang Sampai Lampu Merah)', 'wqweqweqwe', 'qweqweqwe', 20000.00, 1, 0, NULL, NULL),
(41, 56, 168, '2016-07-25 15:04:17', 'piyo piyo burger', 'Burger sapi 1\r\nBurger sapi+keju 4\r\nBurger sapi+keju+telur 5\r\nCrispy tidak pedas 4\r\nCrispy pedas 1\r\nBurger sapi+telur 1\r\nTotal burger 16 ya.. ', 'Jalan Setia Budi', 'Burger piyo piyo disebelah jus sandra dan jus strawberry', 'Jalan Imam Bonjol', 'PT. Panin Bank, Tbk lt. 3\r\nDidepan garuda hotel.. ', 'pesanan an. Lendy lt 3\r\nTotal pesanan Rp. 188.000', 15000.00, 1, 0, NULL, NULL),
(42, 57, 187, '2016-07-26 11:49:43', 'waroengms', '2 ayam dada level 25 ', 'Jalan Beringin', 'jalan beringin', 'Jalan Tebu', 'jalan tebu jalur 2 no. 54', 'ayam ny dijadikan satu', 15000.00, 1, 0, NULL, NULL),
(43, 58, 191, '2016-07-26 15:44:30', 'mpek mpek dini', 'Mpek2 kapal selam 3, lenjer 3, adaan 2, mpek2 kulit 1', 'Jalan Purnama', 'Jalan purnama\r\n', 'Jalan Danau Sentarum', 'Komplek Sentarum mandiri b. 33', '082357364816', 15000.00, 1, 0, NULL, NULL),
(44, 59, 200, '2016-07-27 09:00:39', 'Crepes signature', 'Chocolate cheese (3), nutella cheesebanana (3)', 'Jalan Haji Agus Salim', 'Sebelah harum manis', 'Jalan Husein Hamzah (sampai simpang ampera)', 'Jl.husein hamzah komplek harmoni indah no.2 (pal 5 ) sebelah ruko dekat klinik Nada Medika ', 'Tokonya baru buka jam 10 ', 15000.00, 1, 0, NULL, NULL),
(45, 60, 199, '2016-07-27 11:17:48', 'Ko kue goreng', 'Chai kue goreng , bengkoang 15 pcs , ubi 10 pcs  ', 'Jalan Gajahmada', 'Ismail marzuki , sebrang smp budi baik', 'Jalan Putri Chandramidi', 'GG. Catur Jaya No.25B', 'Gang seberang bimbel ganesha , ', 15000.00, 1, 0, NULL, NULL),
(46, 61, 212, '2016-07-27 14:29:31', 'ayam penyet bu nina', 'Ayam penyet bu nina dada (2)', 'Jalan Perdana', 'Jl perdana komplek perdana square', 'Jalan DR Wahidin Sudirohusodo', 'Ds dashion', 'Gpl ya shaaaay', 15000.00, 1, 0, NULL, NULL),
(47, 62, 212, '2016-07-27 14:33:45', 'ayam penyet bu nina', 'Ayam penyet bakar 2 paket . Dada+nasi', 'Jalan Perdana', 'Jl perdana komplek perdana square', 'Jalan DR Wahidin Sudirohusodo', 'Jl.dr.wahidin gg.silva jaya (sampai ujung belok kanan) toko ds fashion', 'Ds fashion', 15000.00, 1, 0, NULL, NULL),
(48, 63, 212, '2016-07-30 13:39:32', 'ayam penyet bu nina', '3Paket ayam penyet dada\r\n2 tahu \r\n2 tempe', 'Jalan Perdana', 'Komp. Perdana square', 'Jalan DR Wahidin Sudirohusodo', 'Gg.sylva jaya (sampai ujung belok kanan kios ds fashion)', 'Ditunggu :)', 15000.00, 1, 0, NULL, NULL),
(49, 65, 6, '2016-08-02 13:09:38', 'Test ', 'Ayanm 1 \r\nHsjsk\r\nJkss\r\n', 'Jalan Atot Ahmad', 'Hskskdbk', 'Jalan Ahmad Yani', 'Sebelah zamrud', 'Jsjsbdkdkdndkdn', 15000.00, 0, 0, NULL, NULL),
(50, 66, 10, '2016-08-07 13:57:22', 'Pizza Hut', '1 pizza double box (isi : super supreme pinggiran keju, meat lovers tanpa pinggiran)\r\n1 orange juice', 'Jalan Gajahmada', 'Alamat sudah jelas', 'Jalan H M Suwignyo', 'Gg Nur 3A No 2', 'Jangan lupa sambal, saos dan mayonaise, tolong di periksa sebelum meninggalkan pizza hut!', 15000.00, 1, 0, NULL, NULL),
(51, 68, 359, '2016-08-10 13:22:34', 'Bingke Al-fajar', 'Bingke original (2)', 'Jalan Adisucipto (Gerbang Selamat Datang Sampai Lampu Merah)', 'Jl. Adisucipto 155B, pontianak', 'Jl Parit Haji Husin 2 (Sampai Simpang Jalan Padat Karya)', 'Jl. Parit Haji Husin 2 komplek Acisa Asri no. 1E', 'Tidak ada catatan', 20000.00, 0, 1, NULL, NULL),
(52, 68, 359, '2016-08-10 13:24:21', 'Bingke Al-Fajar', 'Bingke original (2)', 'Jalan Adisucipto (Gerbang Selamat Datang Sampai Lampu Merah)', 'Jalan Adisucipto 155B', 'Jl Parit Haji Husin 2 (Sampai Simpang Jalan Padat Karya)', 'Jl. Parit Haji Husin 2 komplek Acisa Asri no. 1E', 'Tidak ada catatan', 20000.00, 0, 1, NULL, NULL),
(53, 68, 359, '2016-08-10 13:27:11', 'Marugame Udon', 'Chicken Katsu Curry Udon', 'Jalan Ahmad Yani', 'Megamall lt. dasar Marugame Udon sebelah A&W', 'Jl Parit Haji Husin 2 (Sampai Simpang Jalan Padat Karya)', 'Jl. Parit Haji Husin 2 komplek Acisa Asri no 1E', 'Tolong di belikan terakhir karena takutnya mie udonnya mengembang', 15000.00, 0, 1, NULL, NULL),
(54, 68, 359, '2016-08-10 13:32:51', 'Bingke Al-Fajar', 'Bingke original, satu', 'Jalan Adisucipto (Gerbang Selamat Datang Sampai Lampu Merah)', 'Jalan Adisucipto 155B', 'Jl Parit Haji Husin 2 (Sampai Simpang Jalan Padat Karya)', 'Jl. Parit haji husin 2 komplek acisa asri no. 1E', 'Tidak ada catatan', 20000.00, 0, 1, NULL, NULL),
(55, 68, 359, '2016-08-10 13:34:41', 'Marugame Udon', 'Chicken Katsu Curry Udon', 'Jalan Ahmad Yani', 'Megamall Ayani lantai dasar sebelah A&W', 'Jl Parit Haji Husin 2 (Sampai Simpang Jalan Padat Karya)', 'Jl. Parit haji husin 2 komplek acisa asri no 1e', 'Tolong di belikan terakhir karena takut mie udonnya mengembang', 15000.00, 0, 1, NULL, NULL),
(56, 69, 395, '2016-08-11 10:47:20', 'Bingke Al-Fajar', 'Bingke Original 2x', 'Jalan Adisucipto (Gerbang Selamat Datang Sampai Lampu Merah)', 'Jalan Adisucipto No.155 B', 'Jl Parit Haji Husin 2 (Sampai Simpang Jalan Padat Karya)', 'Jl.Parit Haji Husin 2 Komplek Acisa Asri No.1E', ' ', 20000.00, -2, 0, NULL, NULL),
(57, 70, 395, '2016-08-11 13:32:49', 'Bingke Al-Fajar', 'Bingke Original 2x', 'Jalan Adisucipto (Gerbang Selamat Datang Sampai Lampu Merah)', 'Jl.Adisucipto No.155 B', 'Jl Parit Haji Husin 2 (Sampai Simpang Jalan Padat Karya)', 'Jl.Parit Haji Husin 2 Komplek Acisa Asri No.1E', ' ', 20000.00, 1, 0, NULL, NULL),
(58, 71, 406, '2016-08-11 13:43:39', 'Rujak ebi', '3 bungkus', 'Jalan Gajahmada', 'Jalan gajah mada samping tukang kunci', 'Jalan H M Suwignyo', 'Depan masjid almuqorobun', 'Simpang tiga', 15000.00, -1, 0, NULL, NULL),
(59, 73, 395, '2016-08-12 10:48:25', 'Marugame Udon', 'Chicken Katsu Curry Udon 2x', 'Jalan Ahmad Yani', 'Megamall Ayani Lt.Dasar', 'Jl Parit Haji Husin 2 (Sampai Simpang Jalan Padat Karya)', 'Jl.Parit Haji Husin 2 Komplek Acisa Asri No.1E', ' ', 15000.00, 1, 0, NULL, NULL),
(60, 65, 6, '2016-08-12 15:08:53', 'Alila', 'Ayam ', 'Jalan Sultan Abdurrahman', 'Dekat pelni', 'Jalan Batas Pandang', 'Hhaga', 'Hahzjjz', 15000.00, 0, 0, NULL, NULL),
(61, 75, 472, '2016-08-15 17:17:17', 'Geprek Bang Min', 'Ayam geprek dada level 3 tidak pakai nasi (2 porsi)', 'Jalan Cendrawasih', 'Ayam Geprek Bang Min', 'Jalan Tabrani Ahmad', 'Komplek Batara Indah 2 Blok C-D no.D24', '-', 15000.00, 0, 1, NULL, NULL),
(62, 76, 451, '2016-08-15 22:16:47', 'Pecel ayam ', '2 pecel ayam dada + 2 nasi + 2 tempe, minta sambalnya yg pedas', 'Jalan Merdeka', 'Dari arah jalan teuku umar sebelah kiri, sebelum maybank, ada satu2nya pecel ayam', 'Jalan Sepakat 2', 'Komplek kost dempo', '-', 15000.00, 1, 0, NULL, NULL),
(63, 77, 410, '2016-08-16 11:33:21', 'bubur pedas pak ngah', '1 bubur pedas \r\n1 es jeruk besar', 'Jalan Kom yos Sudarso (Simpang Pelabuhan Sampai Simpang Jalan Karet)', 'Jl jeruju', 'Jalan Perdana', 'Komp perdana square blok c10 deretan ayam penyet bu nina pas sebelah bosowa asuransi nama tempat nya jasmine spa', 'Bubur pedas 1 es jeruk besar 1', 15000.00, 1, 0, NULL, NULL),
(64, 80, 325, '2016-08-18 19:18:13', 'Food Stop', '1. Mie goreng tropical (PEDAS SEDANG) - Kedai OMIE (1 porsi)\r\n2. Paket nasi teri pedas bawang - Kedai Nasi Teri (1 porsi)', 'Jalan Tanjungpura', 'Jalan Tanjungpura no. 408, Bengkel Kencana Motor.', 'Jalan Kom yos Sudarso (Simpang Pelabuhan Sampai Simpang Jalan Karet)', 'Jalan Komyos Sudarso Gang Jarak No. 68. Sebelum gereja GKKB jeruju. \r\nGangnya di sebelah kiri, pas setelah ATM BNI pertama sejak masuk jalan komyos sudarso.', 'Tolong hubungi 082151411177 kalau sudah sampai :) orderan lengkapnya sudah ada di sebutkan di atas :)', 15000.00, -2, 0, NULL, NULL),
(65, 81, 502, '2016-08-19 11:16:02', 'Ayam Geprek', '2 ayam geprek', 'Jalan Merdeka', 'Jalan merdeka', 'Jalan Tanjung Raya 2 (Sekolah Terpadu Sampai Gerbang Batas Kota)', 'Tanjung Hulu, Jln Tekam, Komp The Green Park I/2', 'Makanan dalam keadaan hangat/panas', 30000.00, -2, 0, NULL, NULL),
(66, 83, 512, '2016-08-22 10:41:21', 'raja uduk', 'Ayam bakar paha, tahu, sate telur puyuh', 'Jalan Abdurrahman Saleh', 'jl. teuku umar', 'Jalan Diponegoro', 'hotel santika kamar 308', 'no note', 15000.00, -2, 0, NULL, NULL),
(67, 84, 395, '2016-08-22 12:28:33', 'Bingke Al-Fajar', 'Bingke Original 3x', 'Jalan Adisucipto (Gerbang Selamat Datang Sampai Lampu Merah)', 'Jln. Adisucipto No.155', 'Jl Parit Haji Husin 2 (Sampai Simpang Jalan Padat Karya)', 'Jln. Parit Haji Husin 2 Komplek Acisa Asri No. 1E', ' ', 20000.00, 1, 0, NULL, NULL),
(68, 86, 136, '2016-08-23 20:47:15', 'Test', 'asasasas', 'Jalan Ya'' m Sabran (SDN 24 Sampai Polsek Sungai Ambawang)', 'asasas', 'Jalan Abdurrahman Saleh', 'asasasa', 'sasasas', 30000.00, -2, 0, NULL, NULL),
(69, 86, 136, '2016-08-23 20:51:48', 'Test', 'asasasas', 'Jalan Ya'' m Sabran (SDN 24 Sampai Polsek Sungai Ambawang)', 'asasas', 'Jalan Abdurrahman Saleh', 'asasasa', 'sasasas', 30000.00, -2, 0, NULL, NULL),
(70, 86, 136, '2016-08-23 20:52:58', 'Test', 'Test', 'Jalan Ade Irma Suryani', 'Test', 'Jalan Abdurrahman Saleh', 'Test', 'Test', 15000.00, -2, 0, NULL, NULL),
(71, 86, 136, '2016-08-23 20:53:40', 'Experiment', 'asas', 'Jalan A.R Hakim', 'as', 'Jalan Abdurrahman Saleh', 'asas', 'asasas', 15000.00, -2, 0, NULL, NULL),
(72, 87, 539, '2016-08-24 17:54:46', 'JCO', 'Jpop 1 .\r\nGreen tea ice blend 1 . ', 'Jalan Ahmad Yani', 'Mega Mall', 'Jalan Ujung Pandang', 'Komplek gemilang greenland no. E10', 'Jam 18.30', 15000.00, 1, 0, NULL, NULL),
(73, 88, 498, '2016-08-24 19:34:29', 'pempek merdeka', 'Pempek kapal selam 2 buah\r\nlenjer 1', 'Jalan Merdeka', 'Depan smik', 'Jalan Kom Yos Sudarso (Simpang Karet Sampai RSUD KOTA)', 'Jalan komyos sudarso \r\nJalan tebu\r\ngg permata griya no 23b', 'Tolong antar cepat', 20000.00, 1, 0, NULL, NULL),
(74, 89, 559, '2016-08-25 11:01:00', 'es krim angie', '2 cup rasa vanila', 'Jalan Ahmad Dahlan', 'Depan sekolah petrus', 'Jalan Sultan Abdurrahman', 'Kantor kpp pratama pontianak', 'Sebelum jam 12', 15000.00, 0, 1, NULL, NULL),
(75, 90, 562, '2016-08-25 12:07:33', 'Crepe & Shihlin Ayani Megamall', 'Crepe Black Oreo (1)\r\nShihlin original (1)', 'Jalan Ahmad Yani', 'Jl. Ayani, Megamall lt 2 dkt funstation (crepe\r\nShihlin (foodcourt) lt 2', 'Jalan Siaga', 'Jl adi sucipto gg siaga 5 no 19E', '-', 20000.00, 0, 1, NULL, NULL),
(76, 90, 562, '2016-08-25 12:58:14', 'Shihlin', 'Shihlin original (1)', 'Jalan Ahmad Yani', 'Lt 2 dkt foodcourt', 'Jalan Parit Haji Husin 2 (Sampai Simpang Jalan Padat Karya)', 'Gg alex griya palm no a7', '-', 15000.00, 0, 1, NULL, NULL),
(77, 91, 563, '2016-08-25 13:21:41', 'cafe ayam remaja', 'nasi lengkap 1 porsi dan jus jeruk', 'Jalan Ahmad Yani', 'jalan ahmad yani,\r\nsamping rmh sakit anugrah bunda', 'Jalan Ahmad Yani', 'prodi teknik informatika,\r\nfakultas teknik untan', 'a.n. apriyani', 15000.00, 1, 0, NULL, NULL),
(78, 92, 136, '2016-08-27 15:45:38', 'Test', '232323', 'Jalan Adisucipto (Jalan Nurul Huda Sampai UN Mart)', 'Hello', 'Jalan Abdurrahman Saleh', '23232', '23232323', 30000.00, 1, 0, NULL, NULL),
(79, 93, 136, '2016-08-28 15:50:01', 'Hello', 'sdsdsd', 'Jalan Adisucipto (Gerbang Selamat Datang Sampai Lampu Merah)', 'sdsd', 'Jalan Abdurrahman Saleh', 'sdsd', 'sdsdsd', 20000.00, 1, 0, NULL, NULL),
(80, 65, 6, '2016-10-04 19:46:18', NULL, 'Ikan Asam Pedas', 'Jalan A.R Hakim', NULL, 'Jalan A.R Hakim', NULL, NULL, 15000.00, 0, 0, NULL, NULL),
(81, 94, 3, '2016-10-17 16:14:45', 'Nyemil Yok', 'Crispy Chicken Original ', 'Jalan Tanjungpura', '100 meter dari simpang garuda, sebelah kiri jalan, sebelum ramayana', 'Jalan Adisucipto (UN MART Sampai Kantor Camat)', NULL, 'tes', 35000.00, 0, 1, 2, 27000),
(82, 94, 3, '2016-10-18 10:25:20', 'ponti cake', 'Cream Kue Manis', NULL, 'bang bersama no 345 blok c', 'Jalan Barito', NULL, NULL, 15000.00, 0, 1, 5, 50000),
(83, 65, 6, '2016-10-19 15:58:56', 'Nyemil Yok', 'Crispy Chicken Original ', 'Jalan Tanjungpura', '100 meter dari simpang garuda, sebelah kiri jalan, sebelum ramayana', NULL, NULL, NULL, 15000.00, 0, 0, 2, 27000),
(84, 95, 6, '2016-10-19 16:00:11', 'asammart', 'ikan Pepes Kuah', 'Jalan Ahmad Dahlan', 'depan gang bimasakti', 'Jalan Ade Irma Suryani', NULL, NULL, 15000.00, -2, 0, 2, 21000),
(85, 96, 6, '2016-10-19 16:04:08', 'Nyemil Yok', 'Otak-otak Singapore', 'Jalan Tanjungpura', '100 meter dari simpang garuda, sebelah kiri jalan, sebelum ramayana', 'Jalan Adisucipto (Makam Pahlawan Sampai Bandara ', NULL, NULL, 50000.00, 0, 1, 2, 12000),
(86, NULL, 136, '2016-10-19 18:16:36', 'asammart', 'ikan Pepes Kuah', 'Jalan Ahmad Dahlan', 'depan gang bimasakti', NULL, NULL, NULL, 15000.00, 0, 1, 12, 21000),
(87, 96, 6, '2016-10-19 21:51:59', 'Nyemil Yok', 'Crispy Chicken Seaweed', 'Jalan Tanjungpura', '100 meter dari simpang garuda, sebelah kiri jalan, sebelum ramayana', 'Jalan Ade Irma Suryani', NULL, NULL, 15000.00, 0, 1, 1, 30000),
(88, 96, 6, '2016-10-19 21:54:28', 'asammart', 'ikan Pepes Kuah', 'Jalan Ahmad Dahlan', 'depan gang bimasakti', 'Jalan Beringin', NULL, NULL, 15000.00, 0, 1, 5, 21000),
(89, 97, 4, '2016-10-20 22:58:02', 'Nyemil Yok', 'Otak-otak Singapore', 'Jalan Tanjungpura', '100 meter dari simpang garuda, sebelah kiri jalan, sebelum ramayana', 'Jalan Abdurrahman Saleh', NULL, NULL, 15000.00, -2, 0, 2, 12000),
(90, 98, 4, '2016-10-21 03:18:06', 'Nyemil Yok', 'Crispy Chicken Original ', 'Jalan Tanjungpura', '100 meter dari simpang garuda, sebelah kiri jalan, sebelum ramayana', NULL, NULL, NULL, 15000.00, -2, 0, 1, 27000),
(91, 98, 4, '2016-10-21 03:19:40', 'Nyemil Yok', 'Crispy Chicken Original ', 'Jalan Tanjungpura', '100 meter dari simpang garuda, sebelah kiri jalan, sebelum ramayana', NULL, NULL, NULL, 15000.00, -2, 0, 1, 27000),
(92, 99, 4, '2016-10-21 03:20:57', 'Nyemil Yok', 'Pangsit', 'Jalan Tanjungpura', '100 meter dari simpang garuda, sebelah kiri jalan, sebelum ramayana', 'Jalan Ade Irma Suryani', NULL, NULL, 15000.00, -2, 0, 3, 12000),
(94, 101, 4, '2016-10-21 03:22:37', 'bolu kite', 'Bolu Hijau', 'Jalan Adisucipto (Gerbang Selamat Datang Sampai Lampu Merah)', 'depan pertigaan belok kiri no 4', 'Jalan Bersama ', NULL, NULL, 20000.00, 0, 1, 1, 45000),
(95, 101, 4, '2016-10-21 03:22:58', 'asammart', 'ikan Pepes Kuah', 'Jalan Ahmad Dahlan', 'depan gang bimasakti', NULL, NULL, NULL, 15000.00, 0, 1, 1, 21000),
(96, 102, 585, '2016-10-21 16:15:54', 'asammart', 'ikan Pepes Kuah', 'Jalan Ahmad Dahlan', 'depan gang bimasakti', 'Jalan Adisucipto (Makam Pahlawan Sampai Bandara ', NULL, 'tes1', 50000.00, -2, 0, 2, 21000),
(97, 103, 585, '2016-10-21 17:14:22', 'Nyemil Yok', 'Crispy Chicken Seaweed', 'Jalan Tanjungpura', '100 meter dari simpang garuda, sebelah kiri jalan, sebelum ramayana', 'Jalan Abdurrahman Saleh', NULL, 'tes3', 15000.00, -2, 0, 2, 30000),
(98, 104, 587, '2016-10-21 17:14:46', 'Nyemil Yok', 'Crispy Chicken Original ', 'Jalan Tanjungpura', '100 meter dari simpang garuda, sebelah kiri jalan, sebelum ramayana', 'Jalan Apel', NULL, 'kfkfkfog', 15000.00, -2, 0, 2, 27000),
(99, 103, 585, '2016-10-21 17:15:02', 'Nyemil Yok', 'Shomay', 'Jalan Tanjungpura', '100 meter dari simpang garuda, sebelah kiri jalan, sebelum ramayana', 'Jalan Adisucipto (Kantor Camat Sampai Wonodadi)', NULL, 't', 40000.00, -2, 0, 6, 12000),
(100, 104, 587, '2016-10-21 17:15:21', 'Nyemil Yok', 'Pangsit', 'Jalan Tanjungpura', '100 meter dari simpang garuda, sebelah kiri jalan, sebelum ramayana', 'Jalan Apel', NULL, 'ofkfkfkco', 15000.00, -2, 0, 3, 12000),
(101, 104, 587, '2016-10-21 20:31:27', 'Nyemil Yok', 'Crispy Chicken Original ', 'Jalan Tanjungpura', '100 meter dari simpang garuda, sebelah kiri jalan, sebelum ramayana', 'Jalan Apel', NULL, 'ffdfg', 15000.00, -2, 0, 2, 27000),
(102, 105, 585, '2016-10-24 11:14:01', 'Nyemil Yok', 'Crispy Chicken Seaweed', 'Jalan Tanjungpura', '100 meter dari simpang garuda, sebelah kiri jalan, sebelum ramayana', NULL, NULL, 'tes', 15000.00, 1, 0, 2, 30000),
(103, 104, 587, '2016-10-25 17:02:04', 'Nyemil Yok', 'Crispy Chicken Original ', 'Jalan Tanjungpura', '100 meter dari simpang garuda, sebelah kiri jalan, sebelum ramayana', 'Jalan Ade Irma Suryani', NULL, NULL, 15000.00, -2, 0, 2, 27000),
(104, 106, 585, '2016-10-26 18:23:20', 'Nyemil Yok', 'Shomay', 'Jalan Tanjungpura', '100 meter dari simpang garuda, sebelah kiri jalan, sebelum ramayana', 'Jalan Ade Irma Suryani', 'teslah', '3', 15000.00, -2, 0, 5, 12000),
(105, 107, 585, '2016-10-26 18:51:02', 'ponti cake', 'Cream Kue Manis', NULL, 'bang bersama no 345 blok c', NULL, 'lf', 'trs', NULL, -2, 0, 1, 50000),
(106, 107, 585, '2016-10-26 19:34:08', 'asammart', 'Ikan Asam Pedas', 'Jalan Ahmad Dahlan', 'depan gang bimasakti', 'Jalan Adisucipto (Kantor Camat Sampai Wonodadi)', 'fvs', 'dvs', 40000.00, -2, 0, 2, 23000),
(107, 108, 585, '2016-10-28 08:52:53', 'Nyemil Yok', 'Pangsit', 'Jalan Tanjungpura', '100 meter dari simpang garuda, sebelah kiri jalan, sebelum ramayana', 'Jalan Adisucipto (Sampai Gerbang Batas Selamat Datang)', 'tes alamat', 'tes', 15000.00, 1, 0, 4, 12000),
(108, 108, 585, '2016-10-28 08:54:46', 'kfc gajahmada', 'paket kombo hemat', 'Jalan Gajahmada', 'jl gajahmada simpang jl setiabudi', 'Jalan Bali Indah', 'tes', 'tes', 15000.00, 1, 0, 4, 50000),
(109, 110, 585, '2016-11-02 10:50:51', 'Nyemil Yok', 'Pangsit', 'Jalan Tanjungpura', '100 meter dari simpang garuda, sebelah kiri jalan, sebelum ramayana', 'Jalan Ade Irma Suryani', 'tes', NULL, 15000.00, -2, 0, 2, 12000),
(110, 110, 585, '2016-11-02 10:51:33', 'Nyemil Yok', 'Shomay', 'Jalan Tanjungpura', '100 meter dari simpang garuda, sebelah kiri jalan, sebelum ramayana', 'Jalan Adisucipto (Wonodadi Sampai Makam Pahlawan) ', 'tes', NULL, 0.00, -2, 0, 2, 12000),
(111, 110, 585, '2016-11-02 14:34:37', 'Nyemil Yok', 'Crispy Chicken BBQ', 'Jalan Tanjungpura', '100 meter dari simpang garuda, sebelah kiri jalan, sebelum ramayana', 'Jalan Batang Hari', 'gg clymore', 'tes', 0.00, -2, 0, 4, 27000),
(112, 111, 585, '2016-11-02 14:46:33', 'ponti cake', 'Cream Kue Manis', 'Jalan Adisucipto (Kantor Camat Sampai Wonodadi)', 'bang bersama no 345 blok c', 'Jalan Adisucipto (Kantor Camat Sampai Wonodadi)', 'cek 123', NULL, 40000.00, -2, 0, 5, 50000),
(113, 111, 585, '2016-11-02 15:37:33', 'asammart', 'ikan Pepes Kuah', 'Jalan Ahmad Dahlan', 'depan gang bimasakti', 'Jalan Adisucipto (Kantor Camat Sampai Wonodadi)', 'jl blahblahblah no 3 blok c', '12', 40000.00, -2, 0, 4, 21000),
(114, 112, 585, '2016-11-02 15:48:11', 'asammart', 'Ikan Asam Pedas', 'Jalan Ahmad Dahlan', 'depan gang bimasakti', NULL, 'jl blahblahblah no 3 blok c', '%$"', 15000.00, -2, 0, 5, 23000),
(115, 113, 585, '2016-11-02 15:49:21', 'ponti cake', 'Cream Kue Manis', NULL, 'bang bersama no 345 blok c', 'Jalan Batas Pandang', 'Gang bersama no f 7', 'tes', 15000.00, -2, 0, 5, 50000),
(116, 115, 585, '2016-11-06 20:11:35', 'bujangdare cafe', '3 bungkus kopi susu', 'Jalan Akcaya', 'no b4 depan indomaret', 'Jalan H M Suwignyo', 'gg sisomukti no 3', 'tes', 15000.00, -2, 0, NULL, NULL),
(117, 115, 585, '2016-11-06 20:26:34', 'ponti cake', 'Cream Kue Manis', 'Jalan Akcaya', 'bang bersama no 345 blok c', 'Jalan H M Suwignyo', 'gg sisomukti no 3', NULL, 10000.00, -2, 0, 2, 50000),
(118, 115, 585, '2016-11-06 20:27:21', 'bolu kite', 'Bolu Hijau', 'Jalan Adisucipto (Gerbang Selamat Datang Sampai Lampu Merah)', 'depan pertigaan belok kiri no 4', 'Jalan H M Suwignyo', 'gg sisomukti no 3', NULL, 20000.00, -2, 0, 2, 45000),
(119, 101, 4, '2016-11-06 22:54:56', 'Nyemil Yok', 'Crispy Chicken Original ', 'Jalan Tanjungpura', '100 meter dari simpang garuda, sebelah kiri jalan, sebelum ramayana', 'Jalan A.R Hakim', 'Yhhff', NULL, 10000.00, 0, 1, 1, 27000),
(120, 101, 4, '2016-11-07 12:34:13', 'Nyemil Yok', 'Shomay', 'Jalan Tanjungpura', '100 meter dari simpang garuda, sebelah kiri jalan, sebelum ramayana', 'Jalan A.R Hakim', 'Yhhff', NULL, 0.00, 0, 1, 1, 12000),
(121, 116, 585, '2016-11-08 16:44:04', 'cek lah', 'tes', 'Jalan Adisucipto (Jalan Nurul Huda Sampai UN Mart)', 'tes tes', 'Jalan Atot Ahmad', 'jl testing', NULL, 30000.00, 1, 0, NULL, NULL),
(122, 117, 585, '2016-11-10 08:06:56', 'Nyemil Yok', 'Crispy Chicken Green Onion', 'Jalan Tanjungpura', '100 meter dari simpang garuda, sebelah kiri jalan, sebelum ramayana', 'Jalan Cendana ', 'Gg metal no 45', NULL, 15000.00, 0, 0, 2, 30000),
(123, 117, 585, '2016-11-10 11:57:29', 'Nyemil Yok', 'Crispy Chicken BBQ', 'Jalan Tanjungpura', '100 meter dari simpang garuda, sebelah kiri jalan, sebelum ramayana', 'Jalan Cendana ', 'Gg metal no 45', NULL, 0.00, 0, 0, 2, 27000),
(124, 117, 585, '2016-11-10 11:58:48', 'indomaret', 'biskuit roma kelapa 3', 'Jalan Tanjungpura', 'indomaret tanjungpura', 'Jalan Cendana ', 'Gg metal no 45', NULL, 10000.00, 0, 0, 2, 4500);

-- --------------------------------------------------------

--
-- Table structure for table `tbl_order_other`
--

CREATE TABLE IF NOT EXISTS `tbl_order_other` (
  `id_order_other` int(10) unsigned NOT NULL AUTO_INCREMENT,
  `id_invoice` int(10) unsigned DEFAULT NULL,
  `id_pelanggan` int(11) DEFAULT NULL,
  `waktu_order` datetime NOT NULL,
  `jenis_order` varchar(255) DEFAULT NULL,
  `detail_order` varchar(255) DEFAULT NULL,
  `alamat_order` varchar(255) DEFAULT NULL,
  `detail_alamat_order` varchar(225) DEFAULT NULL,
  `alamat_antar` varchar(255) DEFAULT NULL,
  `detail_alamat` varchar(255) DEFAULT NULL,
  `catatan` varchar(500) DEFAULT NULL,
  `tarif` float(10,2) DEFAULT NULL,
  `is_confirmed` tinyint(3) NOT NULL DEFAULT '0' COMMENT '1=done',
  `is_pending` tinyint(3) unsigned NOT NULL DEFAULT '1',
  PRIMARY KEY (`id_order_other`)
) ENGINE=MyISAM  DEFAULT CHARSET=latin1 AUTO_INCREMENT=16 ;

--
-- Dumping data for table `tbl_order_other`
--

INSERT INTO `tbl_order_other` (`id_order_other`, `id_invoice`, `id_pelanggan`, `waktu_order`, `jenis_order`, `detail_order`, `alamat_order`, `detail_alamat_order`, `alamat_antar`, `detail_alamat`, `catatan`, `tarif`, `is_confirmed`, `is_pending`) VALUES
(1, 1, 1, '2016-06-19 11:10:52', 'rokok', 'sempurna', 'jalan a yani', '', 'Jl pangeran nata kusuma', 'gg sempurna', 'gpl', 15000.00, 1, 0),
(2, 10, 1, '2016-06-25 05:05:31', 'qwe', 'qwe', 'Jalan A.R Hakim', 'qwe', 'Jalan A.R Hakim', NULL, 'qwe', 15000.00, 1, 0),
(3, 10, 1, '2016-06-25 05:06:48', 'jenis', 'detail order', 'Jalan Abdurrahman Saleh', 'detail alamat order', 'Jalan Abdurrahman Saleh', NULL, 'catatan', 15000.00, 1, 0),
(4, 44, 1, '2016-07-06 21:26:00', 'qweqwe', 'qweqwe', 'Jalan Adisucipto (Jalan Nurul Huda Sampai UN Mart)', 'qweqwe', 'Jalan Abdurrahman Saleh', NULL, 'qweqwe', 30000.00, 1, 0),
(5, 45, 1, '2016-07-06 21:26:41', 'qweqwe', 'qweqwe', 'Jalan Adisucipto (Jalan Nurul Huda Sampai UN Mart)', 'qweqwe', 'Jalan Ade Irma Suryani', NULL, 'qweqwe', 30000.00, -2, 0),
(6, 46, 1, '2016-07-06 21:29:32', 'qweqwe', 'qweqwe', 'Jalan Adisucipto (Jalan Nurul Huda Sampai UN Mart)', 'qweqwe', NULL, NULL, 'qweqwe', 30000.00, -1, 0),
(7, 47, 1, '2016-07-06 21:31:00', 'wqweqwe', 'qweqw', 'Jalan Adisucipto (Gerbang Selamat Datang Sampai Lampu Merah)', 'qweqwe', 'Jalan Abdurrahman Saleh', 'qweqwe', 'qweqwe', 20000.00, 1, 0),
(8, 49, 1, '2016-07-06 21:31:50', 'qweqwe', 'qweqwe', 'Jalan Adisucipto (Kantor Camat Sampai Wonodadi)', 'qweqwe', 'Jalan Ade Irma Suryani', 'detail alamat antar', 'qweqwe', 40000.00, 1, 0),
(9, 52, 1, '2016-07-07 01:00:05', 'qweq', 'weqw', 'Jalan Adisucipto (Gerbang Selamat Datang Sampai Lampu Merah)', 'qweqwe', 'Jalan Adisucipto (Gerbang Selamat Datang Sampai Lampu Merah)', 'qweqwe', 'qweqwe', 20000.00, -1, 0),
(10, 64, 91, '2016-07-31 16:24:59', 'isi mtix', 'Isi saldo mtix 100 0811560594', 'Jalan Ahmad Yani', 'Ayani mega mall', 'Jalan Imam Bonjol', NULL, 'Telpon aq lau udh sampai', 15000.00, 1, 0),
(11, 74, 19, '2016-08-12 11:26:23', 'Antar barang', 'Brownies Durian 2pcs', 'Jalan H M Suwignyo', 'Delicia Cake', 'Jalan Adisucipto (Makam Pahlawan Sampai Bandara ', NULL, 'Tolong konfirmasi jam antar', 50000.00, -2, 0),
(12, 78, 321, '2016-08-16 13:44:17', 'kaset', 'Kaset film single karya raditya dika', 'Jalan Ahmad Yani', 'Ayani mega mall di gramedia lantai 2', 'Jalan Syafe''i', NULL, 'Kalau tidak ada kasetnya carikan buku pemburu di manchester biru', 15000.00, 1, 0),
(13, 79, 321, '2016-08-16 14:17:11', 'kaset film', 'kaset film single karya raditya dika', 'Jalan Ahmad Yani', 'Ayani mega mall lantai 2 gramedia', 'Jalan Syafe''i', NULL, 'Kalau tidak ada carikan buku manchester biru', 15000.00, -1, 0),
(14, 85, 19, '2016-08-23 15:10:25', 'Antar barang', 'Antar brownies durian', 'Jalan H M Suwignyo', 'Delicia Cake', 'Jalan Tanjung Raya 2 (Sekolah Terpadu Sampai Gerbang Batas Kota)', NULL, 'Segera', 30000.00, 1, 0),
(15, 86, 136, '2016-08-23 20:55:03', 'sasas', 'asasas', 'Jalan Hijas', 'asas', 'Jalan Putri Dara Hitam', NULL, 'asasasas', 15000.00, -2, 0);

-- --------------------------------------------------------

--
-- Table structure for table `tbl_order_tiket`
--

CREATE TABLE IF NOT EXISTS `tbl_order_tiket` (
  `id_order_tiket` int(10) unsigned NOT NULL AUTO_INCREMENT,
  `id_invoice` int(10) unsigned DEFAULT NULL,
  `id_pelanggan` int(11) DEFAULT NULL,
  `waktu_order` datetime NOT NULL,
  `judul_film` varchar(255) NOT NULL,
  `jadwal_film` time NOT NULL,
  `jumlah_tiket` int(11) NOT NULL,
  `alamat_antar` varchar(255) NOT NULL,
  `detail_alamat` varchar(255) NOT NULL,
  `catatan` varchar(500) NOT NULL,
  `tarif` float(10,2) NOT NULL,
  `is_confirmed` tinyint(3) NOT NULL DEFAULT '0' COMMENT '1=done',
  `is_pending` tinyint(3) unsigned NOT NULL DEFAULT '1',
  PRIMARY KEY (`id_order_tiket`)
) ENGINE=MyISAM  DEFAULT CHARSET=latin1 AUTO_INCREMENT=17 ;

--
-- Dumping data for table `tbl_order_tiket`
--

INSERT INTO `tbl_order_tiket` (`id_order_tiket`, `id_invoice`, `id_pelanggan`, `waktu_order`, `judul_film`, `jadwal_film`, `jumlah_tiket`, `alamat_antar`, `detail_alamat`, `catatan`, `tarif`, `is_confirmed`, `is_pending`) VALUES
(1, 1, 1, '2016-06-19 11:08:33', 'conjuring', '11:05:00', 4, 'Jl Rambu bantu', 'gg apa', 'cepatan', 25000.00, 1, 0),
(2, 2, 1, '2016-06-21 23:06:39', 'qweqweqw', '23:05:00', 1, 'Jl sui raya dalam (area 1 : gerbang polda sampai kfc)', 'qweqwe', 'qweqwe', 20000.00, -1, 0),
(3, 9, 1, '2016-06-25 04:23:39', 'qwe', '04:20:00', 1, 'Jalan A.R Hakim', 'qwe', 'qwe', 15000.00, -1, 0),
(4, 9, 1, '2016-06-25 04:24:11', 'asd', '04:20:00', 2, 'Jalan Adisucipto (Jalan Nurul Huda Sampai UN Mart)', 'asd', 'asd', 30000.00, -1, 0),
(5, 18, 5, '2016-06-26 10:35:51', 'AADC', '17:35:00', 1, 'Jalan Abdurrahman Saleh', '1', 'beli', 15000.00, -1, 0),
(6, 24, 5, '2016-06-28 08:18:10', 'aadc again', '15:15:00', 1, 'Jalan A.R Hakim', '1', 'tes', 15000.00, -2, 0),
(7, 26, 5, '2016-06-28 09:44:29', 'upin ipin', '16:40:00', 1, 'Jalan Adisucipto (Jalan Nurul Huda Sampai UN Mart)', 'No 2', 'shift paling belakang', 30000.00, -2, 0),
(8, 38, 1, '2016-07-02 18:10:57', 'qweqweq', '18:10:00', 1, 'Jalan Adisucipto (Gerbang Selamat Datang Sampai Lampu Merah)', 'qweqwe', 'qweqwe', 20000.00, -2, 0),
(9, 44, 1, '2016-07-06 21:25:50', 'qweqweq', '21:25:00', 1, 'Jalan Ade Irma Suryani', 'qweqwe', 'qweqwe', 15000.00, 1, 0),
(10, 50, 1, '2016-07-07 00:15:36', 'qweqwe', '00:15:00', 1, 'Jalan Adisucipto (Kantor Camat Sampai Wonodadi)', 'qweqwe', 'qweqwe', 40000.00, 1, 0),
(11, 53, 1, '2016-07-07 01:01:04', 'qweqwe', '01:00:00', 1, 'Jalan Adisucipto (Gerbang Selamat Datang Sampai Lampu Merah)', 'qweqwe', 'qweqwe', 20000.00, -2, 0),
(12, 67, 354, '2016-08-08 11:30:59', 'suicide squad', '19:45:00', 8, 'Jalan Ahmad Dahlan', 'Jl. Teuku Umar No. 2 kantor telkom', 'Antar ke kantor telkom a.n dipa patria mahardhika ', 15000.00, 1, 0),
(13, 94, 3, '2016-10-19 07:44:12', 'xmen', '00:00:00', 2, 'Jalan Ahmad Marzuki', 'tes', 'tes', 15000.00, 0, 1),
(14, 94, 3, '2016-10-19 09:56:48', 'si juki anak kosan', '08:00:00', 2, 'Jalan Arteri Supadio (Kantor Bupati Sampai Bandara)', 'tes', 'sst', 50000.00, 0, 1),
(15, 107, 585, '2016-10-26 19:18:51', 'battlefield 1', '09:12:12', 5, 'Jalan Ahmad Marzuki', '3vdvd', 'dcs', 15000.00, -2, 0),
(16, 109, 585, '2016-10-28 10:01:22', 'The hobits', '14:07:00', 8, 'Jalan Danau Sentarum', 'tes', 'tez', 15000.00, -2, 0);

-- --------------------------------------------------------

--
-- Table structure for table `tbl_pelanggan`
--

CREATE TABLE IF NOT EXISTS `tbl_pelanggan` (
  `id_pelanggan` int(11) unsigned NOT NULL AUTO_INCREMENT,
  `nama` varchar(255) NOT NULL,
  `username` varchar(255) NOT NULL,
  `email` varchar(255) NOT NULL,
  `telp` varchar(15) NOT NULL,
  `alamat` varchar(500) NOT NULL,
  `password` varchar(255) NOT NULL,
  `hash` text,
  `created_at` datetime NOT NULL,
  `is_verified` tinyint(1) unsigned NOT NULL DEFAULT '0',
  `android_token` varchar(80) DEFAULT NULL,
  `firebase_token` varchar(255) DEFAULT NULL,
  PRIMARY KEY (`id_pelanggan`),
  UNIQUE KEY `email` (`email`),
  UNIQUE KEY `username` (`username`)
) ENGINE=MyISAM  DEFAULT CHARSET=latin1 AUTO_INCREMENT=589 ;

--
-- Dumping data for table `tbl_pelanggan`
--

INSERT INTO `tbl_pelanggan` (`id_pelanggan`, `nama`, `username`, `email`, `telp`, `alamat`, `password`, `hash`, `created_at`, `is_verified`, `android_token`, `firebase_token`) VALUES
(1, 'Vicky', 'cungkriink', 'cungkriink@gmail.com', '081255224422', 'jalan jalan', 'efe6398127928f1b2e9ef3207fb82663', '0c868adacc03d81e905b1c5e90cf56a8e7a52ff19e1f9748be0e1903d449da9108f6a90d157a891ad712990399a6', '2016-08-02 10:10:36', 0, NULL, NULL),
(2, 'Vivensius Mitra', 'mitra91', 'vivensiusmitra@gmail.com', '085113316999', 'Jl. Parit Haji Muksin', 'e10adc3949ba59abbe56e057f20f883e', '496793ae932804c3e627e94132eb87d4ab9a40b6c64879c91cf7a134af42d3e2e5c12e5a424820122050f01dbfe5', '2016-08-16 21:27:17', 1, NULL, NULL),
(3, 'irwan', 'irwan', 'irwansyah@gmail.com', '085215050840', 'Jl.martadinata', 'ac43724f16e9241d990427ab7c8f4228', 'a0287857c7b128cb3c1823029e133f2b0f6eb0ad94eae2a0d9027cd45e5a8c07d67379f4a74ba4a441ae695d92bb', '2016-06-28 09:43:24', 1, '0', NULL),
(4, 'riszky r', 'risq', 'riszkyramadhan@yahoo.com', '08115700185', 'jl.h.r.a.rahman gg.lawu komplek IBM', '65bafd1092c29939561ad68417a0206f', 'fa33b8c13f745cba32a7356c6f29aa2c9a0b1b405568118c928a8542e5d4132627d4c9e6ac721fc83ce97169bbc3', '2016-06-18 04:27:11', 1, 'lne5kh3mq4tf7moaagj1f6j7gd', NULL),
(5, 'irwansyah', 'irwansyah', 'irwansyah.azhar@gmail.com', '085215050842', 'Jl.martadinata', 'ac43724f16e9241d990427ab7c8f4228', '3a7f8b9600d7198efa7bc6de54e0de6a933991b9217228880fc1c0963e5605c1a6c54db0c7f768606841acdc393f', '2016-06-18 04:35:38', 1, NULL, NULL),
(6, 'adam bagus sasmita', 'adam1897', 'kleptohati@gmail.com', '081257579081', 'jl tabrani ahmad nmr 2 ', '7901cf287cfcdf799a1318a047da306a', '159bd7d919df2cae1531c494f448da36a36cbb52635fce691d17c6fbdc80106dea6896e994033c936bc7b84eee5b', '2016-06-18 09:35:16', 1, '0', NULL),
(7, 'miftachul choir', 'ameng', 'ameng_6string@yahoo.co.id', '085245999180', 'Husen hamzah pal 5', '68789cd94fb478ab6da2b3844f04ae02', '3532df9b554810826aad51ff83410272685822577ff426f66c3710424a9d05f1765c0b8ec8246f18179f1c2d6f43', '2016-06-18 09:43:06', 1, NULL, NULL),
(8, 'irwan03', 'irwan03', 'irwansyah.azhar@untan.ac.id', '085215050841', 'Jl.marta', 'ac43724f16e9241d990427ab7c8f4228', '36fdd73d109f075fd9e926ee8818ba21f556565b30b87412f77d9fbdd9e761cf1dbed8ea64c74c6f5600e8bdc249', '2016-06-29 09:12:08', 1, NULL, NULL),
(9, 'Andres', 'andres', 'bujanglaundry@gmail.com', '081345133552', 'Jl hasanuddin gg kakap 1 no.10', 'bbe5f8bb50117e61142258f9dc7f1d73', 'a861415c77867d9966a9ba938368811069f9f332a3145903cefeefc42dbfa5e0310e46a624ae4c3488eef21de436', '2016-06-28 05:40:26', 1, NULL, NULL),
(10, 'Louise Wulandari', 'louisewulandari', 'louiswulandari@yahoo.com', '08195621393', 'Jl. HM Suwignyo Gg. Nur 3a No.2\r\nPontianak 78115', '4d04cedd6d05b1f16a4404ff5a1fa4af', '8608c609da65f546c80dfc5ff2bee8c728987c2b40f45ed8a8f4ffe3027f2105f25286e4418c992699ece8b7fca1', '2016-07-07 01:04:13', 1, NULL, NULL),
(11, 'Arief dwicahyo herdhiutomo', 'ariefdh93', 'ariefdwicahyo12@gmail.com', '085750607988', 'Jln parit h husin 2 komp imigrasi no 1a', '84e44b03c08bf3446ecda2d58614244e', '94fb980818bf8f0a76cb8732e9bb738a68bda4059f06682ba1cb99ff2ae21c2e4bddb6b6ed23b622c99050844ee4', '2016-06-28 09:53:56', 1, NULL, NULL),
(12, 'nayla ramlee', 'naylaramlee', 'naylaramlee89@gmail.com', '081349447378', 'jl.pembangunan komplek dalisa permai blok E no 7 (depan sekolah usaha perikanan) Jeruju-Pontianak', 'd52de1f76045a0db7a274ab29b635bc6', 'ebd1710d40c713704e74376e5d205aec42d9d3bad4665e156e090095768ad2dd92f775b0a7b5df4010c3d58f4581', '2016-06-29 09:13:07', 1, NULL, NULL),
(13, 'Hairunisa', 'azzam', 'syahrunazzami@gmail.com', '082251349947', 'Jl.komyos sudarso gg.saptamarga komp warga sejahtera blok. J.37', 'ff90cbf6ad36f0a0ea4fc30702cc7c10', '47881af6ab4e75aa5c5cb05ad57383a76002f382d1f8f39ff2bae5cbf839b258313e5552f10e8abe36f59083755e', '2016-07-25 11:59:40', 1, NULL, NULL),
(14, 'Nedya Ratih Puspitasari', 'azkiya', 'dedehdp@gmail.com', '08122763529', 'Jl. A Yani 2 P H Muksin 2 Komp.Pawan  Mas 3 Blok M No.7 Kab. Kuburaya', '60122dd2cb9dba822d159c798d1b8c7a', '5884b31ea275c1eade4d1cbfe9eeacd0abae37a1610eff1fd275ed463ce5a4bc2d1c01cbd651d96a6752ce302831', '2016-08-12 12:24:22', 1, NULL, NULL),
(15, 'oktavia eka suryanti', 'thavie82', 'thavie82@gmail.com', '085252423480', 'Danau sentarum\r\njln.suka mulya gg.sukma 16\r\n(Perumahan di ujung gg.sukma 16)\r\nNo.1', '90500e53f20f660b86050804c13d7b95', 'dbf59ffe2e99d9c14da0e4a4d8d855730b8921a73ea5e59fc7e5b1389956e14761e06d7e7eeed199421d9b0c9610', '2016-07-25 11:59:35', 1, NULL, NULL),
(16, 'Dhinda Maulidya Koto', 'dhindakoto', 'dindacolorrun@yahoo.com', '089694022580', 'Komplek Untan Jln Silat baru K 34 ', 'c23ea34cfa0640cb7debc0a6787c531a', '6032f9cde7a50d0ec74635845a687106535f75839c27684cc52f6e69882f1f0d15d3175a4431d0dd61930d1ff552', '2016-07-25 11:59:29', 1, NULL, NULL),
(17, 'Hilman Shafwan', 'hilman77', 'bidpropam692@yahoo.co.id', '08115676543', 'Jl.Suiraya Dalam komp. Villa kencana No. A7 Pontianak Tenggara', '334930f6237bf19668609cf3673fe3f5', '635d53a91eccbdc941879cd86165f8bc3af883c84955fc3c86886bcfaf6ed1b584ceec8b16f2c732288bea9419cb', '2016-06-18 18:07:37', 1, NULL, NULL),
(18, 'Agus setiawan', 'agus', 'agus.setiawan.pra.jaya@gmail.com', '085245863325', 'Jln.re.martadinata gg.puring no 12', '1ea6b2bd621fdf5ae6d624719a4b3cd0', '95c6a653454b0dc5045aac1b748f3b72c81bcf485ff3b5d8d4dfb3871b9e1ef168dff118822052335f937b511a6b', '2016-06-28 05:38:40', 1, NULL, NULL),
(19, 'Louise Wulandari', 'louise', 'louisewulandari@gmail.com', '081258958392', 'Jl. HM Suwignyo Gg. Nur 3A No. 2\r\nPontianak 78115', '4d04cedd6d05b1f16a4404ff5a1fa4af', '959f22c1c000c4275d92e4c160f3835cccda234bcde02744316b0c1fa9995a15de18afd0911277be342b91d1f0d3', '2016-06-18 21:29:10', 1, NULL, NULL),
(20, 'Tia oktatiani', 'tiaokta', 'oktatiani@gmail.com', '085245127735', 'Jl. Purnama. Kompl. Purnama agung 7 blok i no 4', '5e58a9907ceef8b7f8457fb75a521988', '4d8bdf77ee3c872dfbdce82352d422d5346b2328c370dbf6dd9507bccc77a7ab2634a1a7715b84831950bf3a40fa', '2016-07-25 11:59:23', 1, NULL, NULL),
(21, 'Candra Wijaya', 'candra', 'flyingduck35@gmail.com', '081258383222', 'Jln.Hm.Suwignyo Gg.Arafah No.2', '330f49d6ea964c13f6ba4892b703c6b8', '161c87e7fcc544f8252258a62697d5d3c77f1b33bcf1e17496d113d2c43a5f3bfa6873a5825b59707fb7c4429d6b', '2016-06-19 00:24:06', 1, NULL, NULL),
(22, 'Belly Surya Candra Orsa', 'dutamodjo', 'belex_informx@rocketmail.com', '081513307775', 'Komplek Pondok Indah Lestari\r\nJl. Bumi Subur, Blok B3, No. 6\r\nRT 3, RW 10, Desa/kelurahan Parit Baru, Kec. Sungai Raya, Kab. Kubu Raya, Kalimantan Barat - 78391', '9318a4a178d9d94633292a3ababf24bd', '2a674b5ead9cde218df0e883fca97ec0c8daedfe42b5a13e64d8b5f199459943a19c1a61c14c424511027614a7ea', '2016-06-19 02:33:14', 1, NULL, NULL),
(23, 'Try Wahyudinata', 'trywd', 'trywahyudinata@gmail.com', '08981389818', 'Jeruju', 'd1af5aaade8f6d93e9a564fa4bf8edc1', 'd277817ec2a3680d5518852c9640d31bd879a3f92114d0ecb1f3c53a0fde5d0bc06936a3798f2bcb7af77fc87143', '2016-06-19 03:34:22', 1, NULL, NULL),
(24, 'Yoda', 'bandenmin', 'hell.society.end@gmail.com', '085251440852', 'Jalan beringin no.33', '607e00b521a83bc53fe183699d16a2a6', 'a7d440af18fbcbf174ff7e2bc4fbfa53658a29514f5dc194d4cba76eb9a99d9c27ff4cba4ba0c9cc3f92db2467fe', '2016-06-19 03:46:01', 1, NULL, NULL),
(25, 'farra morita kusdianti', 'farramk', 'beibioo23@gmail.com', '085245331400', 'Jl. Arteri supadio', '21218cca77804d2ba1922c33e0151105', '7cdf735a20ca2ef93c1b6a33826c88268bcea533736667b4c3a608e77e20c0fa987a8aa45bce5e685b4375f6cdc0', '2016-06-19 08:05:35', 1, NULL, NULL),
(26, 'SyahrunazzamiHairunisa', 'syahrunazzami', 'syarunazzami@gmail.com', '082251349947', 'Jl.komyos sudarso gg.sapta marga komp.warga sejahtera blok j.37', 'ff90cbf6ad36f0a0ea4fc30702cc7c10', '82d109558ba90de1cbab637cfe3934c8fa92b2958339ca9d6a314f4db69a0c7ab0d6ba6db2e4702388599c06617f', '2016-06-28 05:38:59', 1, NULL, NULL),
(27, 'Devi aditya', 'deviaditya', 'devi.aditya.ad@gmail.com', '085252583489', 'Jl tanjung raya 2 komplek permata saigon no 8. ', 'bed5cca58c1ef27ba147457e2a05906e', '3cff4e3a700b32b99b918d75d0fcca68859c5dee3c20dacdd9154577549cfd11925a4815a800ccd673d908296a0d', '2016-07-25 11:59:18', 1, NULL, NULL),
(28, 'Dimas Adirq Sugiyanto', 'dimasadira104', 'dimasadira45@gmail.com', '081253997613', 'Jalan Karya Komplek Karya Agung 1 Nomor 5\r\nKotabaru Ujung\r\nPontianak\r\nKalimantan Barat', '11628105f75fd773a6b33ff1c562c0fe', '383726966bea019b6528bf571dd8189e2d4f4d05569e5e81dd307df9ae578df4eb6428fd384d9180788d5cc412a5', '2016-06-19 11:56:19', 1, NULL, NULL),
(29, 'Razib', 'azibjak', 'ahmadazib@gmail.com', '08115708743', 'jl. padat karya gg.karya kita 2 nomor 21', '025a1b5bbe37c30577b0e199613ac189', '280affdcc7cab54826a3a39667ef38a93600ee2ea5091146adf9c742f912953a6799daea2c2c4d7d45d8fdd5b940', '2016-06-19 12:49:56', 1, NULL, NULL),
(30, 'Destu Bian', 'jimmilima', 'destubian@rocketmail.com', '085252365334', 'Jl.tabrani ahmad komp. Permata asri no.bb 2', 'f1a67a27c9a5e6d1f14d35b47ae3be72', 'b5a17673b3431415011eb550a9d0ef785d0d61b548942c7e10f6bc574702796069760d8ab9bb2b25669042e1c4b9', '2016-06-19 13:13:08', 1, NULL, NULL),
(31, 'Ody', 'odod2611', 'rudinurpianto11@gmail.com', '089617105969', 'Jl. Ujung Pandang\r\nGg. Telok Bone', '2a39e1c9c6672b4f2de08bc38773f5c9', '0aa09e9dc03f1372a7c70fe75441fca367ccf226e9562025721417b8daccc0cb186def294441d790d837affffa3a', '2016-07-25 11:59:10', 1, NULL, NULL),
(32, 'Chairul Dwiyandi', 'chairullyandi', 'dwiyandichairul@gmail.com', '081351955216', 'Jl. Tanjung raya 2 gg. Musyawarah no. 9', '06c8ebf1d5bfc6226c8fd0fc95713620', 'da21207249a61df16e31d23165ead442872997ce1596b6848d75cb320459015fe8dc82d6e47432b9b1dbc25c992c', '2016-06-29 09:13:23', 1, NULL, NULL),
(34, 'Fadjriansyah', 'fajriphotowork', 'fadjriphotorwork@gmail.com', '085245495352', 'Jl. P. H. Husin 2 komp permata Griya B22', 'fbb82a74974bb8ba5eff14b3d1260c5c', 'b7f2af66bf639d5ff015b461e658a8769479d800cd98472935a1640a842ce5334f974d2010129661c40afdcf089c', '2016-06-28 09:54:56', 1, NULL, NULL),
(35, 'Jayadi', 'indrawan', 'djfotet@gmail.com', '+6289666288406', 'Jalan parit haji muksin 2, komplek villa anugrah permai 1, blok d, no 1, kuburaya', '6626af72fc6a01cd5f89e9fc122838c2', 'c1a1871a0d5349a0f928da75d39da8f2ab7a1e22215116787544b9c23076b1c874ce2f099a169d20442798800d13', '2016-06-19 16:18:15', 1, NULL, NULL),
(36, 'muhammad reza', 'rezzaim', 'muhammadrezzaim@yahoo.co.id', '085245912002', 'Jln.mat''sainin blok c no 75.perum 2.pontianak barat.', '762a7b2c568e69152fdb6313f8a62f74', '4b252bcade0fa37ea947b7f59dbf949884228bd7115d837f4e026afe5a16768eae0820f7101a679f75d674c4fab1', '2016-07-25 11:57:19', 1, NULL, NULL),
(37, 'Chairul Dwiyandi', 'mangkoksebet', 'pakingdems@gmail.com', '081351955216', 'Jl tanjung raya 2 gg musyawarah no 9', '06c8ebf1d5bfc6226c8fd0fc95713620', 'c10d43a09ca403551cbf87d4c0b05d76df3cf0e7a3f603a7a1729c38b5752555eadf3241a45e82e6d63336e88a6b', '2016-06-19 16:43:40', 1, NULL, NULL),
(38, 'Uray Fery Andi', 'urayandi', 'urayandi@gmail.com', '08125403185', 'Jl.HM Suwignyo Gg.Nur 3A No.2 Pontianak', '1b952a703a86b10e6fab6826b96b162a', '6922fcce8f62c89048e023d550ea4a23c8130cf3e05c4868a8cb3f79d0c7327ea33cb73932819bba6fdf35de4039', '2016-07-25 11:57:25', 1, NULL, NULL),
(40, 'Caca', 'caca', 'shopaholitic@gmail.com', '087774510875', 'Jalan Sepakat II gg Anggrek no A13 (Kost Febri) Pontianak Tenggara ', 'dce09f281c35f49c2f58ea7580b530b7', '8d68f321ffcbe87143d5b9f4104e976533f9fd48ac5b4715e30f8baf63d46b5d99e750146b09ab8e8310bc2fedd9', '2016-06-19 18:29:12', 1, NULL, NULL),
(41, 'nedya ratih puspitasari', 'azq020315', 'dedehdp1@gmail.com', '08122763529', 'jl. a. yani 2 P.H muksin 2 komp. pawan permai mas 3 blok M no.7 kab. kubu raya', '60122dd2cb9dba822d159c798d1b8c7a', '3f2c8fe32c5239c6ad1759ca40ae70111717d63378774337479ea76dadebd2e436d8b87a9226eca4160479abfdd8', '2016-06-19 21:29:32', 1, NULL, NULL),
(42, 'Pontiank Hebat', 'pontianakhebat', 'pontianakhebat@gmail.com', '089618222988', 'Kom Yos', '51cc1ce3395fead4de1467fea4abed65', '1f1b15ee6f2f6f6139e6397d42b9bc4b27d401b5c33b8b2c456ede8aba634e5335b5cfb01487042154188d260b20', '2016-06-20 01:03:09', 1, NULL, NULL),
(43, 'Azizah Atmayani', 'azizahatmayani', 'cipiku56@gmail.com', '085781950523', 'Jl. Ampera Komplek Ari Karya Indah 7 no. B10', 'd6c3c2110c6b1080d2457daa3187e975', '5103d598ec3fc5cba041ea85d1bd9715e7a37882d2588f95e3070e8c42aa568d4661505744884289be1a3adadf09', '2016-06-20 01:29:47', 1, NULL, NULL),
(44, 'darmadi', 'darmadi', 'darmadidanker@gmail.com', '085390712679', 'Jl.HRA. Rahman Gg Lawu', '44611a74e9f9798eeade0ca840b9eebd', 'ef14b56ae0ee21faedf65943183cd2c9014e75ac8b379ab97b73105d1f5a70814014345f93ccbb562aa582ba4665', '2016-06-20 02:29:40', 1, NULL, NULL),
(45, 'nayla ramlee', 'naylaaramlee', 'naylaramlee@live.com', '081349447378', 'jl.pembangunan komplek dalisa permai blok E no 7 (depan sekolah usaha perikanan) Jeruju Pontianak', 'd52de1f76045a0db7a274ab29b635bc6', '5fb0cbd7b7c04cde8548a70e4005ab3d51e871dd4980b139ae426780d6ff955990e9fd7f8389498615900bffc397', '2016-07-25 11:57:14', 1, NULL, NULL),
(46, 'Dimas Adira', 'dimasadiras104', 'dimasas751@gmail.com', '081253997613', 'Jalan Karya Komplek Karya Agung 1 Nomor 5\r\nKotabaru Ujung\r\nPONTIANAK\r\nKALIMANTAN BARAT', '1d865eed2e7dfe9d484f558d5b2cff36', '303f69b02d7f98b7eef5bf8c4b15103818b2dc3725d86faf424a760d3ed40f2db110c453cc426584ac7a2dea3d29', '2016-06-20 09:58:39', 1, NULL, NULL),
(47, 'Ganda', 'bujangganda', 'gusti.ganda@ymail.com', '0811570060', 'Pancasila', '60caee1e74b075f9671bee1f5723534a', 'aa54dc11df350da6e6fc7ca7e0a590b114f6baa9fd86452b3685c673aa6640a6480866a602d1ed5d8215d12936fb', '2016-07-25 11:57:10', 1, NULL, NULL),
(48, 'Tambor', 'tambor', 'tampangab@gmail.com', '08115658844', 'Jl.gusti Hamzah gang nur 3 no.16', '0e27392aa6b477fd2e05033c62f12ea5', 'bd28a07b6265155466aed3d10c7423e5953064adbb15ba9b8cb1cd20a886625d4f7acb255af18fd5788474405705', '2016-07-25 11:57:01', 1, NULL, NULL),
(49, 'Demsy Ramadhan', 'demsybk008', 'demsyramadhan@yahoo.com', '082158614086', 'Jl.Uray Bawadi Gg. Suditrisno no.21', '2551f7d40b2bd32bdeb840f7a27fe281', '8231792b8dd420f89e5be93fb5837ed4da35b9b6f1eee1660a49cbc326905a680728534af6513de64f567248ffb5', '2016-07-25 11:56:55', 1, NULL, NULL),
(50, 'Demsy Ramadhan', 'bk008', 'demsyramadhan@gmail.com', '082158614086', 'Jl. Uray Bawadi Gg. Suditrisno no.21', '2551f7d40b2bd32bdeb840f7a27fe281', '299b987cf10abc2aae6f904255a7ee9332be57223f0ad1dbfd9ba7ff79db11dec14b54c30d69251521b4e6e0376b', '2016-07-25 11:56:46', 1, NULL, NULL),
(51, 'rudy nurpianto', 'ody2611', 'rudynurpianto@gmail.com', '082251526610', 'Jl. Ujung Pandang Gg. Teluk Bone No.27', 'c98564e5efbcd2e0a58304fb7b480851', '9ca56234886521fbc362b76a6e4cfddbb0355c8e96f49174de294a46be3c7f46f688f89c6588e1b33246ef4ddb71', '2016-07-25 11:56:41', 1, NULL, NULL),
(52, 'nedya ratih puspitasari', 'azq0203', 'queenichigoai@gmail.com', '08122763529', 'jl. ayani 2 p.h. muksin 2 komp pawan permai mas 3 blok m no.7 kab. kubu raya', '60122dd2cb9dba822d159c798d1b8c7a', '5ea3010d5c571fdbdd88cd94aa637e4265e93d9afcf04b32c3b5e68d0d07b7fc22488149eb8caa6a9759ca58927e', '2016-07-25 11:56:35', 1, NULL, NULL),
(53, 'Indra djaya ', 'dondbeni', 'dondbenii@gmail.com', '082255699660', 'Jl. Sidas no.2 lantai 2', '6cec8a8ac2193614645a82b3b7064f71', 'eef177a24fc1c2445617a2ab932be801ab94ce590a1eca25a58a8a5fd2bf1ac175aa740a71869a15ee4da6616071', '2016-07-25 11:56:29', 1, NULL, NULL),
(54, 'Amira', 'amira', 'masithaboutique@yahoo.com', '082250134040', 'Blki', '1b19701b57f02a8604bf9fa5610da192', 'ef7e1401dfeb9678eb62190b9f4922b737f7c5b886ed9d4fddc13247935cf9b59fb2fbdb48ba2ec39396e8d0d4f1', '2016-07-25 11:56:24', 1, NULL, NULL),
(55, 'Warung Kemangi', 'warungkemangi', 'warung.kemangi.pontianak@gmail.com', '08115721199', 'Jl. Sultan Abdurrahman No. 10A\r\n(Depan Kantor Pajak KPP Pratama)\r\nPontianak\r\n', '3ef3540c22ecbbbb41c07d4fbaa60174', 'ffbf5647f6914ab1dde4e5a0fac7f3a51002edf0f9be5c903ca8a2c8ce30fa79be857277107b5ad2c03c75eb8f6c', '2016-07-25 11:56:12', 1, NULL, NULL),
(56, 'Syarif Mulyansyah', 'syarif', 'mul_alkadri@yahoo.com', '081351272692', 'Jalan imam bonjol, gang bansir 2, no 21\r\n\r\nJalan tanjung raya 2, komplek bali lestari no E 11', '8311eb72d15e9fb309eae551e8452431', '8ab6778ee8f7f6be333ae06a7d79e37bf22aad92e2dd01e5c5b08339e3d9b8d0930f98188a001b2b784ea1cc5feb', '2016-06-21 07:32:49', 1, NULL, NULL),
(57, 'Nurdin', 'merampot', 'firmansyah6786@gmail.com', '085654674284', 'Tj sr', '952cc6e5383491df48592c35adae6d74', 'af71c802dac77a3873d52352e47d875f46225751decf47ea75df5b48e9f188e071a2c82205fb85bc0ecb524d8eba', '2016-07-25 11:56:04', 1, NULL, NULL),
(58, 'Nurlaila', 'nurlaila', 'nurlaila_sabli@yahoo.com', '081270618627', 'Jl. Tabrani ahmad. Komplek benua permata. No. C4', '58973aa3bc25f7ab2e8ddb34b175227e', '47525a0fc774f4f06a135c3d65ded652eb1902d7687a17fb5eedf08a92f9667a1e2e818b6bc1ea0b6b5873a287eb', '2016-06-21 14:33:34', 1, NULL, NULL),
(59, 'ganda', '6anda', '6anda.6@gmail.com', '081253252007', 'Jln jeranding no 9', 'b8d0705fe6512d9ffa2e25c28e5caf08', '63ea1fb972c468405f8ce2ba0d3844389d737fd718708e550ce313f3a7801fe15aeeac1da3ef8ae1f3c85f27bbd3', '2016-06-21 14:54:38', 1, NULL, NULL),
(60, 'erick', 'erick', 'fourerick@gmail.com', '089628208884', 'jalan danau sentarum gg sukamulya / sukma 5 no 2', '0ac39560ba30dc18a76536e8385c5ccf', '11bfce8ef9b1b67834adb9838a31efc4ed88c9eef339f28524c0f20f654328ade7ac19b4c33278425a0a88dc479b', '2016-06-21 17:24:43', 1, NULL, NULL),
(61, 'arico fardo', '721730', 'rico_meybe@yahoo.co.id', '085349127887', 'Pontianak', '58b2c53441a9db19e159bec686d685d8', '07f818ae818009b00be46c7b388088d5acc2ebc3538d71f419663737c670f4fbd16c69995387857649d2caa5e627', '2016-07-25 11:55:57', 1, NULL, NULL),
(62, 'renny', 'renirererere', 'renireniee80@yahoo.com', '089519194152', 'Jl.kota baru gg.sinar usaha', 'f2ef0f09eb8f4e74c64ea0304fb71ada', 'a176468935d825d8ccfad1f2b85fb9db85e26116d7b48e1d5ad9dde7f00b95ad26d3a4fcf8f26d1d90b34c39ef33', '2016-07-25 11:55:49', 1, NULL, NULL),
(63, 'rennynmw', 'rennyyakyak', 'renireni90@yahoo.com', '089519194152', 'Jl.kota baru gg.sinar usaha ', 'f2ef0f09eb8f4e74c64ea0304fb71ada', 'f33ff904b1cd32ff3689dbdac6aa69c06a4bc824110a57bcb3b427565532554016543487d216ab1b584ec7334f20', '2016-07-25 11:55:43', 1, NULL, NULL),
(64, 'reree', 'rerenainai', 'renireni80@yahoo.com', '089519194152', 'Jl.kota baru gg.sinar usaha ', 'dd15bef47b422798388966f5e6728543', '0b3810388e4f2b77b6fb4405bde2a1901ef26527c6bf4f6f42aa79b0873ee4b3ef2bb813e49135676e2b05cf59ca', '2016-07-25 11:55:37', 1, NULL, NULL),
(65, 'Winda', 'windaajiang', 'windaajiang@gmail.com', '081348722938', 'Jalan Karel Satsuit Tubun No.8', 'db27e1626e605d147195865301a28130', '8614c166872528ef77b6a44c3e241f10b0f4cc69eee12960476c869801b00670c47fe51ed3333ef548ec4e3158b8', '2016-07-25 11:55:30', 1, NULL, NULL),
(66, 'Irma Imansyah Kurniawan ', 'irmakurniawan', 'emberbasah@hotmail.co.id', '082157624016', 'Jl. Dr. Wahidin Sudirohusodo, Komp. Batara Indah 1, blok.ii No. 12a, samping bimbel Thiya. ', '6bcb20f77c9647dc83cc5380aeedb7d0', '9553a0e9f4e5ad1bd6505087032886a72bb7de12609ee6f820390ae1688c2c8cbb5751a98d7d951a2a924b509846', '2016-06-22 09:07:24', 1, NULL, NULL),
(67, 'Annisa', 'setiowati', 'annisa.setiowati@gmail.com', '082156948231', 'Jl.urai bawadi gg.mentari no.2', 'e74baf8c6d697fdc0bbdb0b4e6d8dde4', '5bd24d6cc1a5aff58102a2762072d3edfa46ba3445aa90d73bb19d23fe2f224d6a0b4fb4e01cff91336c24f4b247', '2016-07-25 11:55:24', 1, NULL, NULL),
(68, 'Ayu Murtika Larasati', 'ayu2201', 'ayumurtikalarasati@gmail.com', '085245902201', 'Jl. Merdeka Timur. Gg. Bersatu No. 3 (rumah sebelah kanan sebelum simpang 3, tenda warna hijau)', 'f2ed4cd86e5c22ddedc6c2d93006c05c', 'deb9f580bde4466c7bc7132f27000c504034732cfe9f9318c19ed8410792a6273ca6b4f40d35b60f72897cb0fa3d', '2016-07-25 11:55:19', 1, NULL, NULL),
(69, 'Delvin', 'delvindnt', 'jmdinata@gmail.com', '081258322177', 'jl.haji abbas 1 , gg. kelantan 1 , no.5A', '2dbce3579f47cccbfc4af02d9c3f8e20', '3ebb41a002aba088390d4c025acd1b72d3b9e491132f93ba88f78bbb9db2c7ec06e1c722f6bc69b0d32016fbb135', '2016-07-25 11:55:11', 1, NULL, NULL),
(70, 'wahyu candra dewi', 'awie', 'wahyuc.dewi@gmail.com', '089664445308', 'Jl. Perdana komp. Bali agung 2 no. C12', 'd208731e781ca0cc5e6673c5ccc92c62', '596d7811955dc2e493292bac974908c5bd590588141b8d2920f6540d65d0c8ad52858a0633ac8c4907fb967bed34', '2016-06-23 00:42:00', 1, NULL, NULL),
(71, 'mery corunia', 'cherrylamintang', 'cherry_ispandi@ymail.com', '081210108570', 'Jl. Hasanuddin Gang Alfalah No.15A Sungai Jawi Dalam Pontianak', '1b36e512bcc378287f2f07c7a64adc5b', '1afe03f05c66223a932a6713635b33cd77b07113642c2b2c044baea6bcecb0b793ace8658c411ae0f57857a3aa9f', '2016-06-23 04:48:51', 1, NULL, NULL),
(72, 'Anisatul ulya ', 'ulya', 'ulya.glx@gmail.com', '08999296627', 'Jalan Adisucipto no 155B (Toko Kue Bingke Al-fajar) ', 'b0c5efa95b643e2e44d0af00a25d42b6', 'd8bb7793106a9a98911756c3869699aa71bfc00c9e0a09c863b5dc39d3822ed17379cf3592449a3f871475184409', '2016-07-25 11:55:04', 1, NULL, NULL),
(73, 'ulya yuthika', 'ulya23', 'ulyayuthika93@gmail.com', '085348977090', 'Jalan Danau Sentarum Komplek Ari Karya Indah 3 nomor B 29 Pontianak', 'ad99c1c8f8cdf5e275b16b2ccef5ece0', '0f665980cade25636e73cc73c8b41313c328807100c52f96ae66f106eea6d1ca9d8a8fa3979baca7cefbd90f2f63', '2016-07-25 11:54:57', 1, NULL, NULL),
(74, 'srie milardi', 'dedek', 'dhe2_03@ymail.com', '085245103589', 'Jl. HRA. Rahman Gg. Maria 1 No.3A ', '9959805afa0465f3848667c62e773ee7', 'a973e89b986add1ce4757bda4c79bd89f71b407f35843535cc4945539b427b117aa21e6cf380daf934eb1ee4cdb0', '2016-06-23 09:17:47', 1, NULL, NULL),
(75, 'delvin', 'whysoserious', 'noseblessed@gmail.com', '081258322177', 'jl.haji abbas 1 , gg.kelantan 1 , no.5A', '2dbce3579f47cccbfc4af02d9c3f8e20', '8e0e231438439fc5b6d68dc344fdd3070ef62aee3add015c549e80b991073a3d778678ae211a8fb143d4786de00d', '2016-07-25 11:54:48', 1, NULL, NULL),
(76, 'delvin', 'noticemesenpai', 'noseblessed123@gmail.com', '081258322177', 'jl.haji abbas 1 , gg.kelantan 1 , no.5A', '2dbce3579f47cccbfc4af02d9c3f8e20', 'a016e8e1aaffc041ae282e0f8ddf4e8d880756a1401dfe56679aeef96fe836908356ca84bb7d632100aed4325a14', '2016-06-23 12:10:46', 1, NULL, NULL),
(77, 'yudhiz', 'yudis', 'devilx900@gmail.com', '082255895854', 'jl.husin hamzah gg.berdikari 1 no a/1', 'f55c1d1f1d7b48b77d6f626c43ea11fc', '9ee8fea36a1ff16ea25e949abf78e356591ea9630b27df3cf22d9d4a9fc151fa5d93074ef1781b6bcdf54d857c9a', '2016-06-23 12:40:18', 1, NULL, NULL),
(78, 'David Mardiansyah Wijaya', 'daveblue', 'daveblue31@yahoo.co.id', '08125764490', 'Jl. Yam Sabran. Komp. Villa Ria Indah (Dare Nandong). Blok E. No.04. Tanjung Hulu. Pontianak Timur.', '4581281b9f2fb6f168a28c190e904b23', '18e28786bda7b2fd9ff983bf96e65849ae5256e2afe858d8a7d61a8b2615dc29d23e8d9e36a12362daf153710bb0', '2016-07-25 11:51:43', 1, NULL, NULL),
(79, 'Velica Halim', 'velica', 'velica_halim@yahoo.com', '087818271511', 'Jl.Puyuh No.24', 'dfe25f6d7240dc3388c128de7a8681b8', '202bf595c0709d05206840eeebc3dc8fbc4d22ecc49f9fc70abc29544925769fd2d8900eb0a3ff5e2adc546c207f', '2016-06-23 14:59:39', 1, NULL, NULL),
(80, 'satria gahyuda', 'satria', 'satriagahyuda@gmail.com', '08122596868', 'jl. prof. m. yanin gg. keluarga bersama no. 2\r\nkota baru pontianak selatan', '673cdbb0e718c57e2e7ca0d7deec397a', '07280ce69a27659aed8142cb8108f585d38b0eb672693e05ddbea9f5e6e5bca0ab4ea2462c43b4f59eea1164c3e3', '2016-07-25 11:51:38', 1, NULL, NULL),
(81, 'aris', 'aris', 'kharisma_wardhani04109020@yahoo.com', '089656466769', 'Jl. Hm suwignyo \r\nGg. Suwignyo no. 14', '553d6b386f3fcfa76a74def10e1662e4', 'c59c8a6eec5c7cf055afd2a8510e60ba28936432b67548119312d3f2bcfdd0712660e441cf930adc91240f85e453', '2016-07-25 11:51:32', 1, NULL, NULL),
(82, 'chacha', 'chacha', 'cahyaticahyaningrum@gmail.com', '085787554687', 'Jl. Gajah mana no.21', '57732f483953c0fae9ba34075ad25e05', '10e23f2d4732e4a0369deef924baf95e642671b05124ef34bd8119552dd391dd76f8b5b03f6a0a7a1532ad565104', '2016-07-25 11:51:24', 1, NULL, NULL),
(83, 'Yahya', 'sahabat', 'yahya64.ay@gmail.com', '085386901007', 'Jl.paris .1 gang halim no.18.B pontianak tenggara.', '670b14728ad9902aecba32e22fa4f6bd', '262c5543a1d06aa268198734dd66eb7caf93ab967336fb205d55de2263fa12cfbc71a9f39ce0ec3c3568fac85b56', '2016-07-25 11:51:19', 1, NULL, NULL),
(84, 'Vita Home furniture', 'vitatjhie', 'b3rryblossom@yahoo.com', '087818071908', 'Jl. Komyos sudarso no.A7 (+-100m dari kantor pos jeruju)', '68b604920f07c36abbc36a8a5ed363c2', 'f3ae4b1edeb03e1b85c46faf03725763ac0e601a69018f72e2b5431812c25916f12e873c77c91e6639a8fec50f9b', '2016-07-25 11:51:14', 1, NULL, NULL),
(85, 'Fadjriansyah', 'fadjriphoto', 'fadjriphotowork@gmail.com', '085245495352', 'Jl. P. H. Husin 2 komp permata griya b 22', 'e172dd95f4feb21412a692e73929961e', 'ab0d51abf43e8ee1fe3a26244e45faec53f03936f9003f43d6ab773eb48b6f5a8c558328cabbb20b39c25a9909f9', '2016-07-25 11:51:05', 1, NULL, NULL),
(86, 'Dea ', 'deeariesta', 'kayana23_cutie@yahoo.com', '085654223660', 'Jl. Husin Hamzah\r\nKomplek. Bumi Indah Agro B.5\r\nKel. Pal Lima\r\nKec. Pontianak Barat\r\nKota Pontianak', '20335791c06906ae65049c7c1c9aa75c', '81a2b896dc6a58bab8a416201da9eedba0e54be3276fe2a4839afc87d23ca37b8345ddb1296b42a9782ec62ca980', '2016-07-25 11:51:01', 1, NULL, NULL),
(87, 'Vivin', 'vi2n', 'vie2nnur@gmail.com', '08115777783', 'Jalan Sungai Raya Dalam no. 57, \r\nKec. Sungai raya, Kubu Raya', '990286e37dfd8fdcba329defe98e31db', 'f6b408eeef238bbb759e78ec1b027233999b8a3bc6847257dc1b6670e2f2c66380018110c3bd30170ced595634aa', '2016-07-25 11:50:57', 1, NULL, NULL),
(88, 'Ilham', 'ilham', 'ilham99_viera@yahoo.com', '08115777783', 'Jalan sungai raya dalam no.57, kec. Sungai raya, kab. Kubu raya', '990286e37dfd8fdcba329defe98e31db', '3df5b8f18bb8eb84c1f57a5c5a6e1c5d5ffdc99a963c31ea842d1a2f234bd49b9e918f03d5e0791a3a47292cae02', '2016-07-25 11:50:53', 1, NULL, NULL),
(89, 'leonita larasati/ dede', 'leonita', 'dd.leonita@gmail.com', '087818160882', 'Jl. H. Rais A. Rahman Gg. Bandahara No. 10 \r\nKel. Sui Jawi Dalam Kec. Pontianak Barat\r\nPONTIANAK, Kal-Bar', '3614b8513883d54e47ec1ecf683762a1', 'a30c24ad88c00cb196f99d95d4ca92424d6b58ae327e22acd71440f7fc6fa3673de77e9b03d20547b135bcc6f0a7', '2016-07-25 11:50:45', 1, NULL, NULL),
(90, 'Rian Hardika', '190289', 'ryanhardika89@gmail.com', '089665780587', 'Jl. Yam Sabran Tj Hulu', 'd8c954eafc5b0ff168d760ae6f10ea9e', 'b4afe315c4211b3422cd47a466f6a711218dbba9b1c454bbd630fa1fbcf86531151101d4431d85cb3747273000bb', '2016-07-25 11:50:39', 1, NULL, NULL),
(91, 'aditia ', 'adit', 'aditiatermos@gmail.com', '081254235092', 'Jl imbon', '6f28133e9829d70fe1af9a74423a5eeb', 'ad953500a67a8ca6ee7e9a0b66cdeb1d482d89a4d0ecd21fa785c84131a6f773ab1043562b9c727785ae3080d615', '2016-07-25 11:50:35', 1, NULL, NULL),
(92, 'aditia p', 'aditia', 'gerbangteater@gmail.com', '081254235092', 'Imbon', '6f28133e9829d70fe1af9a74423a5eeb', '7051984f68bca745127c88d62908f5dbadc3fd8d8c445821012de4956e78ad5ad688c8799a19c08583850670041b', '2016-07-25 11:50:31', 1, NULL, NULL),
(93, 'aditia pratama', 'aditiap', 'teatertermos@gmail.com', '0811560594', 'Imboj no 373', '6f28133e9829d70fe1af9a74423a5eeb', '7da0a037c6c3d3ee1b52e9b4dcc78f9a65e759a06044ac0871c380333ea46b2d01d9bfb2c0fc781e75b26b77d009', '2016-07-25 11:50:27', 1, NULL, NULL),
(94, 'aditia pratama putra', 'aditiapratama', 'aditia_p99@ymail.com', '0811560594', 'Pontianak', '8a659045a6bb765da370a035f4c6e5f8', '151fb3ca3a97d73bad35fe382e10a30769d595783620e98da767f5b43bd6f1b7590f27222f1bda2f29c2bf63f76f', '2016-07-25 11:50:23', 1, NULL, NULL),
(95, 'Maemunnah', 'toyeb', 'syarif.iiz@gmail.com', '082251481701', 'Jl.. Sui. Raya Dalam\r\nKomp. Puri Akcaya 2 \r\nNo D23', '7bd4080bc0794cfde58b8063ba194bd7', '551481486fda4131699d1036fd9e7f8d624ab53daeb651eb8b40fc05851261b8270ba8f0bf92882b23a6e136650a', '2016-07-25 11:50:18', 1, NULL, NULL),
(96, 'putra', 'putra', 'seirayaoptik@gmail.com', '081254235092', 'Ptk', 'e10adc3949ba59abbe56e057f20f883e', '51ff4be2fbf3a94d50f066af6fc101b2a8b8ed187cb7ec3faad77b8152991cf6b87e1b02cb7bea67ff16b64ed0e6', '2016-07-25 11:50:14', 1, NULL, NULL),
(97, 'azwa', 'azwa', 'eulaliazw@gmail.com', '085813795199', 'Jl h rais a rahman gg lawu 08 sei jawi dalam', 'a97dcf2957787623954be1673b6f5383', '7a39dd997892c4fbb54f790ef2d64b8457d48b26ea0f2165921b85e319efab2807b56b909c7fca8bb41c6562cca9', '2016-07-25 11:50:10', 1, NULL, NULL),
(98, 'Rivan', 'rivan05', 'rizkywilly37@yahoo.co.id', '081258330462', 'Jl gaya baru komplek keraton no.2 pontianak timur 78235', '506b61a507e4272cb2813a1ad4ee27ea', '609d4247c316abf389efdf49eebc45ef92ea44e408ab87572360c96e71a02115c10d7e0102f44e45ced7eb499119', '2016-07-25 11:50:06', 1, NULL, NULL),
(99, 'aditia pratama', 'aditiapr', 'aditiapuisi@gmail.com', '081254235092', 'Imam bonjol', 'fcea920f7412b5da7be0cf42b8c93759', 'c9c6ab6e5ca096c730c96636953d255deac883e1c8e08bccd0182a559be053b522996744e566a53e24f8e10abf88', '2016-07-25 11:49:57', 1, NULL, NULL),
(100, 'albe', 'albe1987', 'albiee_cutee@ymail.com', '081257370626', 'Melawi', 'cda2c99fbf5e19f20d331299c15a4491', '97bb890a1f408663f9bba2e9bbcb4b72e85db8e7b87fef333a90e34627f821a9f863d003c6130b6aa4234fdac722', '2016-07-25 11:49:50', 1, NULL, NULL),
(101, 'aditiakity', 'aditiakitty', 'aditiakitty@gmail.com', '081254235092', 'Pontianak', '6f28133e9829d70fe1af9a74423a5eeb', '33beb42aaed639ce1289305aa7626334cb96eb484b0b08a80029b40845e8fd62df13c93ba784ce9579b674ef52b2', '2016-07-25 11:49:45', 1, NULL, NULL),
(102, 'Rexy', 'rexyerlangga', 'rexyerlangga20@gmail.com', '08999169397', 'Jln adisucipto', 'c7adbc5eafc94420e46c4b9fdf1bde51', 'ee586a017f4b141206494ba364bac2009ab8ff287c6f6bddc7159785f0ee4f8c0050f07c98ff23d3b7e3a5131e9f', '2016-07-25 11:49:41', 1, NULL, NULL),
(103, 'Nugraha Wicaksana', 'nugiienugraha', 'nugiienugraha@gmail.com', '085750260906', 'Jl. Karya baru gg. Karya baru 5 no. 32', 'f43652cc1c0581b20b408e88e72cc1eb', '6555ee14a13a2d218000fa52b0f2d8ebc38d8edb421693cf384a1dc9fe3b3f71e06f5c91f1c551615610d6f069ab', '2016-07-25 11:49:35', 1, NULL, NULL),
(104, 'Rexa Kharsandy', 'rexamale', 'rexamale@gmail.com', '082153727254', 'Jl. Perdana Gg. Mitra perdana no. 5', '61e568b4c3eff890a66173a3ce16da7c', '30b23b4dc3aafd336cb6e45ab02e63430752cea7c8a7ddda045eda8844972446d6fcfac888e5750341d3495f3541', '2016-07-25 11:49:31', 1, NULL, NULL),
(105, 'Wenny', 'wenchrist', 'wenwenac@gmail.com', '085654524889', 'Jl. Perdamaian No. 24 (toko sembako Venus)', '7ff135854376850e9711bd75ce942e07', '246a02fd28e9ac1464111e67ea2eb8fb5404be95b77929e4b88d42cef20f4c013d6d69f47df475b3bf38eb3603de', '2016-07-25 11:49:27', 1, NULL, NULL),
(106, 'Chandra', 'recht107', 'recht107@yahoo.com', '081345555500', 'Jl. Prof. M. Yamin Gg. Sejahtera No. 12 D', '7bad6fa11e42168e2fa6b9cea46af0d7', '2f1c351874505045e3f1dcef1bbd2fad334bd0c03ea59c425d73da98280212458879eb56920e36dad60a808e1fea', '2016-07-25 11:49:23', 1, NULL, NULL),
(107, 'milna', 'milna', 'milna.hawa@gmail.com', '089693420026', 'Jl. Adi sucipto\r\nGg. H.kasim no. 7b pontianak', '64d9f72e6674f18c0362fe2714977a51', '4470a46e9a3754b16f8785cf49629b8ff30dfc2314a8232a3ccbbe6c9ba4ce25d47f608491615e5a89c91215aa6e', '2016-07-25 11:49:18', 1, NULL, NULL),
(108, 'Memey', 'memey8989', 'simple_whiteshoes@yahoo.com', '081212088198', 'Jl.prof.m.yamin\r\nGang teluk pakedai 2 no 10-11 (depan)\r\nKota baru', 'bb5620eaf053ed37b466544d75d190ee', 'baf0f575b5dc05dfa5098ccac4e4f56be43897d8711bcb33eb977daad9bcbdd6f7a3d39a284118c4d0882f950756', '2016-07-25 11:49:14', 1, NULL, NULL),
(109, 'cliquers', 'cliquers', 'jukislmn4@gmail.com', '089693420026', 'Jl. Adi sucipto\r\nGg. H. Kasim no. 7b pontianak', '64d9f72e6674f18c0362fe2714977a51', '2aab55dbb3723bb9c824c794c8a8ef0ec94637dfb8d4f83b52dd64138de34e8c52f0fb7da0a100bbe68df5a9aa4c', '2016-06-28 10:35:08', 1, NULL, NULL),
(110, 'Alry', 'akry05', 'rizkywilly37@yahoo.com', '+6281258330462', 'Jl gaya baru komplek keraton no.2 pontianak timur 78235', '506b61a507e4272cb2813a1ad4ee27ea', '72edc39822decd0c441c2bc80987e7dc25ee8c9bfc9d618f7b677b7a67098ebd4c4c6b3d7882ab277fcfd66fac78', '2016-07-25 11:49:07', 1, NULL, NULL),
(111, 'fina femelia', 'fina', 'finafemelia250904@gmail.com', '081244653988', 'Jl andi makkasau', '719d54d8d19923ccdd0dbf48fed97f30', 'ddf27929dafbdc4a09c965d3c69d2fa4c837ad5538440001591e6057e291370e6e6a3dbc3deefdb0e628a0623f07', '2016-07-25 11:49:03', 1, NULL, NULL),
(112, 'Fadhilah Shafa'' Salsabila', 'fshaaaf', 'fdh.salsabila@gmail.com', '08115752000', 'Jl. Ampera Komp. Bali Asri 1 No. F4 Kec. Sei. Bangkong, Pontianak Kota, Kalimantan Barat', 'c25d27a8b204f46a198f839e1ac61278', '53402f4f3b089af443311be9e830c084b2bd151b8648c94ec9958c0f2c0c63f6097f927aec26952873111d99c912', '2016-07-25 11:48:56', 1, NULL, NULL),
(113, 'Hendry Yoso', 'yoso', 'hy.hendryyoso@gmail.com', '08115751117', 'Jl. Gajahmada Gg. Suez Permai No.8 Masuk Samping Showroom Yamaha (Depan Pizza Hut Gama) Lurus mentok ke kanan, sebelun jembatan masuk kiri.', 'eb21a55321b9c89032fc9a7ba606eda4', 'e3a835caafda995dff424e6938bed3786a76b02cdc98febce9fe4e4d8b4c240c10b98f3940fd731eef67c44d013e', '2016-07-25 11:48:47', 1, NULL, NULL),
(114, 'Hendry Yoso', 'hy90', 'hy.hendryyoso^^@gmail.com', '08115751117', 'Jl. Gajahmada Gg. Suez Permai no.8 Masuk Samping Showroom Yamaha ( Depan Pizza Hut Gama ) Lurus Mentok ke Kanan, Sebelun Jembatan Belok Kiri.', 'eb21a55321b9c89032fc9a7ba606eda4', '3a18fcb1c2722d62acc48bc6bbacede29b4c7681c658f7c9904b2240b138238cd4a93103f112f33407d8d66eaaec', '2016-07-25 11:48:41', 1, NULL, NULL),
(115, 'Wiga aprillia', 'wigaprillia', 'wigaprillia@gmail.com', '085245769615', 'Jl. Uray bawadi masuk gg. Mentari sampai ujung,  belok kiri, rumah pertama sebelah kiri no 17A. ', '3e017343373772c089431cdd17e687ef', 'fe65fdfbd92c7c7af63225b7b84a1fc5d2502d500adb2c5718cc7ea4ae4043dcc7564809fedc80cd9a90f8dea62a', '2016-07-25 11:48:33', 1, NULL, NULL),
(116, 'Apriani', 'aprie', 'aprie_fekon92@yahoo.com', '082155556000', 'Jl. Gst. Hamzah Gg. Pancasila 4 jalur 2 No. 1', '9404146b3de1c4e3789699c68bd89ad6', '1122edbd004b66710a23ba0e8a691547666bfaefbcd7d17bd0fe0b9ecdafc3824910a08017272bc60de0a10df4ca', '2016-06-28 03:02:54', 1, NULL, NULL),
(117, 'Dessy', 'dessyramadhanty', 'dessyramadhanty@rocketmail.com', '089683433822', 'Jalan sungai raya dalam komplek srikandi 1 no a65', 'de741e988411c2f29572e32b6fb6f18d', '760c8e667da4b643b1a352dca72e9f5f1b7694715c9a8869327f4f8c39a7149898c4b2a52e7a9310e187d55451a3', '2016-07-25 11:48:27', 1, NULL, NULL),
(118, 'Daniel', 'stefanusdaniel', 'stefanusdaniel@hotmail.com', '08115757989', 'Jl.Parit H Husein 2 Komplek Balimas 1 Blok A nmor 19', '4badaee57fed5610012a296273158f5f', 'ec03b535516c8926bb736f783f14d2311ed3ebe69ec8bfde796f84aa4cadfaa061cec8c24e8fd0b90d9137684fb2', '2016-07-25 11:48:23', 1, NULL, NULL),
(119, 'wulan', 'wulanlovaqila', 'wulan_lhugue@yahoo.co.id', '082155282155', 'Jl. Prof M Yamin Gg usaha Maju no. 6 Kota Baru', '4ab75c9ac2befb1be459ad6451a30ad0', '9c21abd5dc593e2724a67d296820019ad2445c70fc869bd4b1a9f8ddabe93f32c02ce0143ecd413909c1f06a0a2e', '2016-07-25 11:48:17', 1, NULL, NULL),
(120, 'gardis deba denara', 'gardisdeba', 'gardis.deba@gmail.com', '08565307117', 'Jalan Tanjung Raya 2, Komplek Pesona Parma, Nomor B29', 'e7626d1d801324ff9c0827d7d987891d', 'eaf42ccdcc0bc8eb01851dd84d7ab525ad72d7e4946be4f025c9fb4bd75456912fc4c9da019d631616b85ae74905', '2016-07-25 11:48:13', 1, NULL, NULL),
(121, 'nurul evida', 'vida', 'nurulevida.ne@gmail.com', '089601115777', 'Jalan adi sucipto gg.gertak kuning laut no 2 supadio pontianak', 'c7611762c6d281de29502bd36fc170d3', '376a55301e542e4c9536a5b84b256d7953f0d527403e867ba8f24b7966c31bc716c4ddef08ca9e6d1815d282b547', '2016-07-25 11:48:04', 1, NULL, NULL),
(122, 'ghanis ayu', 'ghanis', 'ayu.ghanis@yahoo.com', '085252529341', 'Ketapang', '21eba58219a83f1480d5db42ac08c795', '603610fe30fa9841713e09e053390ecd0129c789ab11a258e2168073b82ca6fd10fd6b606ff76e7c979ffd1b8b30', '2016-07-25 11:47:59', 1, NULL, NULL),
(123, 'Vanny', 'vanny', 'vyqueen91@gmail.com', '089675127623', 'Jl. Merdeka\r\nKomp Merdeka Residence\r\nNo B6\r\nMultimedia shop', '12f7baf1012e4853bbeac04eeaba09c5', '57fb8af842664e373a7c55946de439c69007e7be26ec17b747ad6352162e6d79b5134697ecf3fb08f16dfb65eecd', '2016-07-25 11:47:54', 1, NULL, NULL),
(124, 'fransisca', 'fransisca', 'faafranz@gmail.com', '08115790579', 'Jl. Ayani komp.ayani megamall blok e12', 'a2084c6d1e9c287e657f86eb17ac1895', '0d7adaba271c8831ddb64e87ce61cf66c0ab1ac65475b44b5245a7029b4865a9248b50acd8f58eccf6862e9eef63', '2016-07-25 11:47:49', 1, NULL, NULL),
(125, 'Azka', '200890', 'm.moii@ymail.com', '081351927171', 'Jl. Re martadinata gg sederhana 1 no 35 pontianak baeat', 'afeaa42f60f7d1afcae35f9e3d7f8622', '62dbad7c65e322eac9c66a46b6bbf1afec81afc9dc45f4ca99de86add7535205b9165a1bd8cb792cd5631aeb88c2', '2016-07-25 11:47:45', 1, NULL, NULL),
(126, 'Daniel', 'danielqzroeh', 'stefanusdaniel@yahoo.co.uk', '08115757989', 'Jl.Parit H Hussein 2 komplek balimas 1 A/19', '4badaee57fed5610012a296273158f5f', '290ffa59ef3c84cbafefc7036290d8936cd2406e339d20a8e98e87ddabe36e9ec20843aae398b3cc290a7820c505', '2016-07-25 11:47:40', 1, NULL, NULL),
(127, 'Hana', 'hndhx', 'hanadhy14@gmail.com', '089626905048', 'jl.paris 1\r\nGg.stafiudin no.5', '3b7972d6e14381a8f234aaf14c813d2e', '883fbcca896220f6ce46f063b055db2144d2cbd008d67b424e9ccb64ae82e319f32afb3c0d6bbf3888fa07f743eb', '2016-07-25 11:47:36', 1, NULL, NULL),
(128, 'Khakha', 'khakha', 'teamleader_khakha@yahoo.com', '082255351801', 'Jl. Kom Yos Sudarso Perumnas 2 Gg. Majapahit 3 No. 78', 'f94e4931103ccb95c190d39616e0c183', '642ac6e2883cdcb366b4fcb55c4e9f086e4f90fc412d80145e610191d6146d884ef2cf09b0bcafd41863691c93c0', '2016-06-28 10:33:50', 1, NULL, NULL),
(129, 'Muhammad herman', 'herman', 'herman.muhibah@gmail.com', '089693332814', 'Uray bawadi gg. Muhibah no. 8', '508b97ae61486a1b3946986f111ae05d', '495cbebc938aa1113ee15e80d11ae2d9c38faee0352e8b8d0209b2c192d44fc3b0612253b21c4aeba6ba019860b6', '2016-06-28 10:04:40', 1, NULL, NULL),
(130, 'Candra', 'besarberuratz', 'akiak.candra@yahoo.com', '081256898999', 'Office: Jalan Prof M Yamin no.S3 Celeste Cell Samping Rm Uduk Udik kota baru..\r\nHome: Jalan Prof M Yamin no. 99 Bee Bee Mart Samping Toko Kaca Harmoni, deretan Bank Kalbar Kota Baru', 'f320c7f0aba986bba0b013ec3ec0f4f3', '2e01f70bd57273a0e49e1430cb6adc587f24a3ca9eeb4293408286af6ac4c68878b0e883251726a897baefb10fda', '2016-07-25 11:47:31', 1, NULL, NULL),
(131, 'Novi Muharrami', 'nopay98', 'nopay98@gmail.com', '081250234364', 'Jl Letjen Sutoyo No. 6\r\nUpt perpustakaan provinsi kalbar\r\nPontianak selatan', '06ad5c70dce18075d1f4a677ce6553f0', '60c403063051f5fe534a2fe636c5ce8fc6b3f0e3f72a8a0cd38718c09ee74a0cb08abe36083602cf0318580c56f9', '2016-07-25 11:47:26', 1, NULL, NULL),
(132, 'Rika Riyanti', 'rika', 'rriyantii@gmail.com', '089693526413', 'Jl.Husein Hamzah Komp.Harvin Indah No.A7, Sungai jawi dalam,Pontianak Barat', '0495a0ca8768b9531b15687c45723f1a', 'a89a6d300212179f3bbbcffa9d58cd70c69f8ff3c67ab350a7a2d41d9957afa9695370d7a5fb0b5947d77f9e19e8', '2016-07-25 11:47:21', 1, NULL, NULL),
(133, 'Hengki MR', 'hengki', 'bbmpizza@gmail.com', '08115752552', 'Jl.M.Yamin Gg.Pemangkat 2 No.17b kel.Akcaya Pontianak Selatan', '1655ab2f64713098df23b991db26f11c', '136f0e04edb70acf04c215beefc4e64ec070146eaa23673cc4b71420317abd7a6853f41177eedbe2e38c5301c50e', '2016-07-25 11:47:05', 1, NULL, NULL),
(134, 'Deddy Febriyadi ', 'deddyce8ol', 'deddyfebriyadi@gmail.com', '085245170777', 'Jl. Ujung pandang. Gg teluk bone, No. 6', '806472d198e74de3bc6bb65ef60b90e0', '9251aeb4d3ed41063b048a0eacdafc624f42a870a8297303e64c4faf0278680a60b763bf76a137440f3924657e0a', '2016-07-25 11:47:01', 1, NULL, NULL),
(135, 'Elies fitriani', 'elies', 'ini_ellyes@yahoo.com', '08990421452', 'Jl. Petani komp sentarum harmony A6', '2e59f5ea7198c1ad301ae8b24969e49e', '38e64e01fe34b212f28abeab0f9d642c1334eded217456340f2c328c2c9d1f9d3cfd4965580f5a8ac713e9be7e2d', '2016-07-25 11:46:56', 1, NULL, NULL),
(136, 'Antonius Yonathan', 'atomicbomber', 'atomicbomber.email@gmail.com', '089683945272', 'Jl. Sungai Raya Dalam, Komplek Bumi Batara II no. 76A', 'b3438d429eb95e919beea64a56c14bae', '2d8936fea51606d4b2fde2576c25c460cac09afa91629204fb314950424b6f118e68f5d24ba39ad91004468b9b15', '2016-06-29 02:17:42', 1, '24rujunb0ln92ii5ee80m20sgt', NULL),
(137, 'Hengki MR', 'hengkihabibi', 'bbmpizza268@gmail.com', '08115752552', 'Jl.M.Yamin Gg.Pemangkat 2 No.17b Kel.Akcaya Pontianak 78121', '1655ab2f64713098df23b991db26f11c', 'e276fb6c3fd960a419545afbf131b40a2c86ff239fd36f4327ca5fd6377844005918c2dc483081ad3e761b5bdcd3', '2016-07-25 11:46:49', 1, NULL, NULL),
(138, 'Resti Mien Saleni', 'restimiensaleni', 'resti.miensaleni.rms@gmail.com', '089505749481', 'Jalan adisucipto KM 13,1 Gg. Rembulan No 7 (rumah ibu suhada)', 'e6774fe69dc0c994023b427b9cba4b56', '27db749fe8fbda659f8e97210396e45e7fd1838ebc116e02733daef61edfa8ac842ece631dbe478d2ce54792d84d', '2016-07-25 11:46:43', 1, NULL, NULL),
(139, 'shinta octaviani faradina', 'shinta', 'octaviani.faradina@gmail.com', '089504590388', 'Jl.komyos soedarso gg. Lamtoro prm. Surya kencana permai a-8', 'a5a46c77dbf2d788efb51dd7468bf6b1', 'eaf48a372b7ffeda925637dc548e5ac8caf6744d0fbf8e047203d066a6ecb5289228e76dd4db7ce0e3344c03f41c', '2016-07-25 11:46:31', 1, NULL, NULL),
(140, 'Agung Budi Prasetya', 'prasetya', 'prasetyatyo92@gmail.com', '089671904007', 'Jln. Tanjung Pura no 406', 'e482020e15758055c9f3c1ecc1c64c64', '178420ff340d274c1389819f63516a5d1e5d57f0e8cd3a2f3299cc1b99377653d03a35dafd556146b8b4a063a13d', '2016-07-25 11:46:27', 1, NULL, NULL),
(141, 'Putri aditya', 'putriaditya', 'putrii.tya@gmail.com', '085310104993', 'Jl. S.parman dalam no.7/18', 'bdddf8b68f1380d457878fd16077c558', '2226b607c5d3bf968413e0cafbe94c634fb1e49426ade009eef690c36843e98d2d18f2d8d909c97fb43639e109d0', '2016-07-25 11:46:22', 1, NULL, NULL),
(142, 'Vaneza Gity Pramaygeesella', 'vanesagity', 'vanesagittyp@gmail.com', '081532880603', 'Jl. Serda Usman No. 86 Perum 3 Tanjung Hulu ', '18e8f3f4b83366bd69383695425d6881', '8468c9b32c0f252980971c29193770081afddf7ab6188d5adb6246e831abc273f6eaabf16ce68ce3aa4168bdef26', '2016-07-25 11:46:16', 1, NULL, NULL),
(143, 'Toni', 'toni', 'toni_drm@yahoo.com', '08125619106', 'Jl m yamin gg pga no 7 / 36b', 'e10adc3949ba59abbe56e057f20f883e', '8d01e852b5275611d7ec79a07942393590abbebc29e00aa3c9060f717e723509b706c549251d6eafe6e6f63cfb9d', '2016-07-25 11:46:11', 1, NULL, NULL),
(144, 'edo', 'edho', 'senentang.property@yahoo.com', '0811574142', 'Jl paris 2 komp central park A2 1', 'd42d6c6833d4bc6549212661f0d9ea72', '03052fc44d5743d003352ff97daf5427f4c9087f49e26123283a936c999152d5af15798a2e1422fc00d2427f1734', '2016-07-25 11:46:03', 1, NULL, NULL),
(145, 'M.Ichfan Firdiansyah', 'ifanismail', 'm.ifan.ismail90@gmail.com', '085252251522', 'Jln.Paris 2\r\nGg.Mitra No.23 (ngkost studia foto)', '7c7644a1c140b432d2090d90ad0d13f2', '144b75843f39debfc995102abf83ccf9373cb1ba72f5f9860a811d70d41dd4e500172a23e7a1885ce1c39ae9c6a2', '2016-07-25 11:45:58', 1, NULL, NULL),
(146, 'Hastami Yuaniza', 'hayuza', 'hastamiya@gmail.com', '081253325833', 'JL. Karya Baru, Komplek Bali Agung 1 No B24', 'a28611c6c31021426ace1d223edcee5f', '92c6ae95595671599d9b29271ee1664b6e8d08fdc0208c7ef9d5b71fccbfe18bd1545d16a47eb0cedbf6e722a7a4', '2016-07-25 11:45:53', 1, NULL, NULL),
(147, 'Vindy', 'vindy', 'clou_icecream@yahoo.com', '085245915150', 'Jl.kha dahlan gg ruper1 no. 17c', 'ededfd66719cac5f291098bf29eb6699', '46900c35b17b5283cf8b3d777bcf35e21f55179b958aa4cc2edc4db6b4b17348de9e408eb31ef90dc92272ef1455', '2016-07-25 11:45:45', 1, NULL, NULL),
(148, 'bayu sukmana', 'bayoe', 'bayusukmana2616@gmail.com', '085750049326', 'Jln hos cokroaminoto gg bersatu no 85/6', '5db62402864c8ffbaf6dc99155f1f49c', '7e08a3bcbefa0449c4a269e665bee5ec20c1eb42c8224999938cc16aa97586868fee979baf0ef649d0239affe68e', '2016-07-25 11:45:40', 1, NULL, NULL),
(149, 'Faradz Arva Edgar', 'faradz3521', 'faradzarvaedgar@yahoo.com', '082155556000', 'Jl.Gusti Hamzah Jalan.Pancasila 4 Jalur.2 No.1', '5dada1ca2d188690456e6f380f026868', '01729c5c155930ce0d572b4f95f4492b2496145b8dd30073df482e22f03ed1b037ca1d82de33340841fcc5266472', '2016-07-25 11:45:35', 1, NULL, NULL),
(150, 'arbi', 'arbi', 'rizz.bakri@gmail.com', '081295755369', 'Jl. Cendana no. 177', '09ecf666d54eb2007b839c49065fcd68', 'cc4f3aba301df067d31c165daf503ccb68b1ecc7a80a5c622679a544fc0e4a5fd1683bbf9ed060e4ff7d995ce883', '2016-07-25 11:45:31', 1, NULL, NULL),
(151, 'Vonny', 'vonny', 'vonny.vhon@yahoo.co.id', '081348026674', 'Jl. Hijas gg.suez indah no.69\r\nkel.benua melayu darat \r\nKec.pontianak selatan', '7b23d5a75602f0da77a375486f2b6fff', '725d3fddbaa73d7d782fac660c58e70eddad2d2571a8a7d9f3264ff476ca19e8da617619488e77a3570655a294f4', '2016-07-25 11:45:25', 1, NULL, NULL),
(152, 'Ikhwan Maulana', 'ikhwan95', 'emosparkz@gmail.com', '089637317179', 'Jalan Tanjung Raya 2 gg. Assuha no. 1 kelurahan seigon, kecamatan pontianak timur', '9f8c00b81157d29e75d5dc492eee045e', '15e9f033d2eb18a374ace28346ce6591eab1b81120b239d83cde0ee50e4e7cb7d378cf10f1f08f829929a021d3cb', '2016-07-25 11:45:19', 1, NULL, NULL),
(153, 'Ikhwan Maulana', 'maulana95', 'ikhwan.akbana95@gmail.com', '089637317179', 'Jalan Tanjung Raya 2 Gg. Assuha no. 1 kelurahan seigon kecamatan pontianak timur', '2001ed435c6e594d7c65960f2859b1a8', '2a25ec06841337f2dfd06731ed9972eb4726fcc1f966bd3aa8f18bfd3184d124edb89c3c277da041c523d1a8e0a5', '2016-07-25 11:45:14', 1, NULL, NULL),
(154, 'aron', 'aronblenda', 'aronblenda777@gmail.com', '0811560594', 'Jl imam bonjol ', '6f28133e9829d70fe1af9a74423a5eeb', 'ca3f97bc7fc0e18c393b23bd8b83d2fffddc555a4dd12ccbadab65270b128e29ba658a2b77d9423a2c6ac342e998', '2016-07-28 11:02:17', 1, NULL, NULL),
(155, 'Magdalena jenny sui', 'magdalena', 'jennyliaujanfong@gmail.com', '082352235199', 'Jl.komyos sudarso / jeruju , gg kayu manis2 no 73', '19e93a80e2f622c7c208d469219f1310', '64cbd3bbda4cc2b43c9194c17ec8c3a679049dabbe70cc59f27a50f77a66f84833bfda3630de9ad6ce8525acc135', '2016-07-25 11:44:58', 1, NULL, NULL),
(156, 'Magdalena jenny sui', 'magdalenajennysui29', 'jennyliaujanfong29@gmail.com', '082352235199', 'Komyos sudarso gg kayu manis 2 no 73', '215fc529b2626ad299370feddfe5e15b', '9c988dc282385e3fcd42b526f13444e4a59fa782698aabdd6907f9761ea5b4638a6b6c3f65fefb9549b9d1bf995a', '2016-07-25 11:44:52', 1, NULL, NULL),
(157, 'Agus setiawan', 'wawan', 'w46055@yahoo.co.id', '085245863325', 'Jln.re.martadinata gg.puring no.12', '1ea6b2bd621fdf5ae6d624719a4b3cd0', '9928a0102856104ce26b97f05284ce0ebb2fde6fc1243977c1a6d6ad7b7e99f328e9308cb7b01c1752b77532828d', '2016-07-25 11:44:46', 1, NULL, NULL),
(158, 'Aprie', 'aprie7274', 'apriefekon92@gmail.com', '082155556000', 'Jl.Gusti Hamzah Jl.Pancasila 4 Jalur.2 No.1', '9404146b3de1c4e3789699c68bd89ad6', '21e83d62a034bc354d06a64320323932acbf6aa41dd42302c9b3324420404df56fe2d3934ac2ac6e8a34bc886f30', '2016-07-25 11:44:41', 1, NULL, NULL),
(159, 'Achmad Tahsinaga Afkar', 'tahsinaga', 'achmadtahsinaga@yahoo.com', '085787330481', 'Jl. Adi sucipto komp. Asrama brimob pontianak', '19cfe99aa11ce7aa90fc88a6953ac58a', 'b9ce03f5d6fdd9998e0182e95411a0993e65d7ed9c179d0a59b30be41585adc5f119b117b10ef24eade597c40120', '2016-07-25 11:44:35', 1, NULL, NULL),
(160, 'Ariyandi', 'ariyandi90', 'ariyandi2827@gmail.com', '085332081833', 'Jl.karet\r\nKomp.permata asri no.d5', '579cec45ece10d8e0eda27854ab39842', '073a553d8bfdf80e5d0e2f1af7e802fa74c77dd3e55b1e876ca5b1825783a9fb1a335d5734d3456829d495683778', '2016-07-25 11:44:27', 1, NULL, NULL),
(161, 'rizky pontiviana akbari', 'pontiviana', 'pontiviana@gmail.com', '08128727340', 'Jl. Parit h.husin 2\r\nGang. Tegal sari no.15\r\nPontianak tenggara', '1fed82bc73dfc3b4b04f432c5ae65ef3', '15527da8d986d90b7e7ceeff1db4b86662f988fc6a12ce1a846b6872ca775bef345f9955a1e31864cf7b931d5548', '2016-07-25 11:44:19', 1, NULL, NULL),
(162, 'Banter Wahyudi', 'banter', 'banterwyd@gmail.com', '081350123481', 'Jl.Danau Sentarum Gang Wonosobo.Perum    Anugerah Indàh 3. No A3', '64812a961a276ed174cbf25e3642a859', 'a73db0d94003d660b14848ca631ec0e989727bbc1031326c1344b760a3e1c5134f4d25fa891c0c5d2c6fbaf72e00', '2016-07-25 11:44:13', 1, NULL, NULL),
(163, 'Waliyanik', 'yayak', 'hafizhabibie29@gmail.com', '089694035245', 'Jalan pemuda sui.rengas (samping gudang elpiji 3kg) 002/006', '0490307de2f199fada11b99e9ed8118c', '312fd5549e5c11ea90d657e5b1cb17bb2aef71e85570f8e512ba1843f673938b601f4fc6c582f6f5b87782425d5e', '2016-07-25 13:02:05', 1, NULL, NULL),
(164, 'fitri', 'v3is', 'v3islove4ever@gmail.com', '081255518093', 'jl.veteran gg.syukur 5,no.63', 'aee8485e4f4e75bc770a777f10da251c', 'ba1094d494b71fbda3bcc0be4f0ad29f59939efcae33751526d55255383bf1ecdb2d7bb342af6d6040aa3287949c', '2016-07-25 14:00:52', 1, NULL, NULL),
(165, 'amel', 'amelia', 'srimelia9@gmail.com', '082153095054', 'jl.veteran gg.syukur 5, no.63', '5a9ab964adb292f0c494b058715c3b98', 'ef96e080a7fa62aeb36ffe2f4cfed2dfcf132ef8a5c479d8eed3d1a995d2d6fad3224986a4130126ffc89801b1a0', '2016-07-25 14:01:10', 1, NULL, NULL),
(166, 'Waliyanik', 'yayakhabibie', 'yayakhabibie29@gmail.com', '089694035245', 'JALAN PEMUDA SUI RENGAS (samping gudang elpiji) 002/006', '84febb8619de01e5d73c8f2ee91cd16c', 'c63fc0f3979e74939a8a2944a9c434dc61485c31e43ae480287bb9c9f92af6a501e39e76a3acdbd14699d58b2965', '2016-07-25 14:01:06', 1, NULL, NULL),
(167, 'amiruddin haris', 'amiruddinharis', 'amiruddinharis@gmail.com', '081350072008', 'jl. putri daranante, gg. suka jaya no. 28 pontianak kota 78116 kalimantan barat', '2788811407caf06e3b76d296c7eecf87', '462a5bfa97b7d7b8235ffc2be3bede7545ad34d294a7243d45a671f070b43f4454a600062b8ab2e660b711942737', '2016-07-25 14:01:02', 1, NULL, NULL),
(168, 'lendy', 'lendyh', 'lendyharyanti@gmail.com', '085249714872', 'Jl. Imam bonjol no. 44 pontianak', 'fadaa3d0bab7f408760cfdb78c3b8963', 'e22bbc6f7ed42370568f297d2d78bfcad65ba612b151747f51fd4daa566bc8e67bdef2bbec003459a91f88bac0c5', '2016-07-25 14:00:57', 1, NULL, NULL),
(169, 'Ayu Collection', 'ayucollection', 'ayu134134@gmail.com', '082240224422', 'Jl.K.H Wahid Hasyim 164 B', 'aa102391421765ee3244d697d0759cc4', '2f84f66cbd1752865b73fd57343870841bd924818a23ff072d6e4eaa33bff340ebf8cb845b1e0d3d8966444456f1', '2016-07-25 14:47:09', 1, NULL, NULL),
(170, 'vitri', 'vitri', 'fitrii_gama@yahoo.co.id', '08991533977', 'Jln tanjungpura gg baiduri 1 no 28a', '74674325e7438fc46e61158284a5aea1', '43d048478f5cb0d08b08a8198def2431b7d3d3d92a663949eb9833f4250416962190e7e956528918a49b0ed3ea43', '2016-07-25 14:47:14', 1, NULL, NULL);
INSERT INTO `tbl_pelanggan` (`id_pelanggan`, `nama`, `username`, `email`, `telp`, `alamat`, `password`, `hash`, `created_at`, `is_verified`, `android_token`, `firebase_token`) VALUES
(171, 'Adam', 'bujangmusik', 'bujangmusikpontianak@gmail.com', '08125759081', 'Jl. H.m suwignyo a27', 'c199a52d7e9660ea997a826b362871dc', '29bcf6fb2527bdaedd900125da295a489f17bdea2adfbb8547e5c65c9be4e50448f59cc00942fbf2b620ca273365', '2016-07-25 16:13:22', 1, NULL, NULL),
(172, 'Yenny', 'yenyen', 'yenswan8@gmail.com', '08115712200', 'Jl. Imam Bonjol\r\nGg. Martapura 3 No. 133', '259ec1d73aff9a3f395915aceeeb17c0', 'e6957f00a3eb50d68bf72ec4d51a4c764e7dd91dab465aed75c639bfde5727cdf2ea981143bf2ebdd0345851f558', '2016-07-25 16:13:12', 1, NULL, NULL),
(173, 'Syarif muhammad fadillah', 'syarifisan', 'sy.muhammadfadillah@gmail.com', '089614727156', 'Jl.H.rais arahman gg.amanah no.11 sui jawi pal 3, pontianak.Kalimantan barat', '6c0ec3eb141d13ab8e84f6066b387175', '81b6b5e6e7b7bfd77a0f166bd2c831ff2350f9dc2635d977c3959f8143a70f1d2d422e03fa24433c62752e975039', '2016-07-25 16:13:01', 1, NULL, NULL),
(174, 'Dita Ristika', 'dita', 'ristikadita@yahoo.com', '085750333430', 'Jl sui raya dalam komplek tanjung pura permai no b.38', 'bfea741731b5f0a84a0c220aaf3dada3', '14069bc3754eaf193655718559c7ae3e398c69a152efefff64aeeca72713824b7e952eaf82c1f67f07db14f30d38', '2016-07-25 16:32:30', 1, NULL, NULL),
(175, 'Dita Ristika', 'ditaristika', 'ditaagus@yahoo.com', '085750333430', 'Jl. Sei raya dalam komplek tanjubg pura permai no b38', '33021b2a87c93055ca48aabdc69b4fae', '214530842791308d1684bb6af8d9943c432c075269ed248f1cce383715a9c8cff4431662b7960ec9c719e864536e', '2016-07-25 16:37:44', 1, NULL, NULL),
(176, 'Justine', 'justinevarian', 'justinevarianwong@gmail.com', '081210909889', 'Jln imam bonjol gg garuda 1 no 16', 'f8f1a609fc50d4a86f726dd2d2eca3b7', 'b63685ae7e722fc29c690648a6525aefd25330fc42a35540233947e0adbfefeab45b65b70ce031c84b0ab414a835', '2016-07-25 17:23:56', 1, NULL, NULL),
(177, 'Nurista Patriani', 'rista597', 'rista597.np@gmail.com', '089662487458', 'Jl. Perdana komplek Bali Agung2 blok i19', '793aa97583fc5b202d1bd8246ddfd684', '45c18f203220b96ced40c8cc8ad97992d5b7fb3fd24ca70f107e13b5bbab4b779452d2245f2c2261345814141585', '2016-07-25 18:32:50', 1, NULL, NULL),
(178, 'vitri', 'vitriowie', 'v3_chloe@yahoo.co.id', '08991533977', 'Jln tanjungpura gg baiduri 1 no 28a', '74674325e7438fc46e61158284a5aea1', 'ec78f92af92d176a5d8081cead3c09dc94f9e69180b0a8e66491be509908cdc3a980810ec31c1313c9e51bf5a421', '2016-07-25 21:06:02', 1, NULL, NULL),
(179, 'rita yuliana', 'rita', 'ritayuliana.ritayuliana@yahoo.com', '085245084821', 'Jl.Perdana Bali Agung 3..blok L.125 Pontianak Selatan.', '717b99415ce899e33df883a69f71eefd', '0165663f4affcb064fd5953ed7227f2270c51c4d34b7f5f45c1da84cf1c230bc975c0c0369f82b838b176f1c04f1', '2016-07-25 21:29:38', 1, NULL, NULL),
(180, 'aja', 'ajautama10', 'ajautama10@gmail.com', '085820242963', 'Jl parit hj. Husin 1\r\nGg albidayah no 1', '7c76241c1bdbd59a9870f6e0b0158949', '6de116d68784cda5e8839d89e1f7705ae8da8ed00ef2993afba5baec53c607c06387ea24ee5f1ecd0d5d3abb84c9', '2016-07-25 21:29:32', 1, NULL, NULL),
(181, 'Ratih', 'pratiwi11', 'ratih.younggt@gmail.com', '085654231748', 'Jl. Gusti hamzah kav.1A\r\nDepan pegasus gedung biru', 'd2bcdd81055508f305c97239b6829ca7', 'eecd6487aada41ccbf666db2dd399dbac5468797b7ffbfeea1be3f84fd8edf821cb377d6ab482803e14e3587d44e', '2016-07-25 22:44:05', 1, NULL, NULL),
(182, 'aditta tri ramadhani', 'ditta', 'adittaramadhani@gmail.com', '082255913545', 'Jalan sungai raya dalam kompleks tanjung pura permai no 36 A', '622e8c9d10def071fe6fa45d893ffd5d', 'fa79527a612f858ff5ed24fc5492f7e7084637cffaeb0d097020f7cac125c70976d3b10db8ef1a2ea9928f8c97a1', '2016-07-26 09:43:44', 1, NULL, NULL),
(183, 'aditta tri ramadhani', 'aditta', 'aditta.ramadhani@yahoo.com', '082255913545', 'Jalan sungai raya dalam kompleks tanjung pura permai no 36 A', '4c2c3413be4e310aa31d15d6d7718863', '555113f6698ef7460f6ecb8938ba8c33681bd6812b9bc253711206ef46c161b1c3ac210c382c268779ebf51cfff4', '2016-07-26 09:43:40', 1, NULL, NULL),
(184, 'Wulan audit pradika', 'wulanaudit', 'wulan_audit@yahoo.com', '081221234580', 'Jl.sungai raya dalam. Komplek Mitra Indah Utama 8 No.B/23 rt 002/rw 012. Kel Bangka Belitung. Kec Pontianak Tenggara. Kota Pontianak. Kalimantan Barat', 'fa009ff73fa6602dd72395391d72c3f5', '9563e5c83c8ed0ed093e5f9765bbb439a5a8c686ee9db39caa6cd3fa143a233f44497ca553519d5361c67f0b837f', '2016-07-26 10:14:56', 1, NULL, NULL),
(185, 'Chairunnisa BNP', 'chairunnisabnp', 'chairunnisabnp28@gmail.com', '082251530804', 'Jl. Dr. Wahidin Gg. Batas Pandang Jalur 6 No. 14', '02060dac30efa3f715283bbd733fb844', '0a9dcf06192266fe1937506dac8f8a4fec147d2d1efe3e7e687df0d109e598511bf97853054939c14443dc5c0af8', '2016-07-26 10:14:51', 1, NULL, NULL),
(186, 'vanessa', 'vanessa', 'vanessa_echa22@yahoo.co.id', '085245775036', 'jalan budi karya komplek villa gama no.  h7', '1f35989bd812d860b9c4846014bac9fe', 'e037c9faa3e6b0141aa210848d6b64f17514b655ef89b34cdbf4b4624fd5a4f42af6c608f6c07d2dc846db65dbde', '2016-07-26 11:17:53', 1, NULL, NULL),
(187, 'Sriwahyu Rahmasari', 'rahma', 'sriwahyurahmasari99@gmail.com', '089909373709', 'Jalan Tebu Jalur 2 No. 54', 'd667473904725841aa3835121c869825', '6f9fd9c30a3af08a1fcc711be629206ba392873189fc32e05b5802995b24fe07843a97d6931fd4a0a47eb208acd8', '2016-07-26 11:17:59', 1, NULL, NULL),
(188, 'Lutfi Ika Yanti', 'lutfi', 'lutfist_271089@yahoo.com', '08980853171', 'Jl. Pangeran Natakusuma Gg. Melati no.19 ', '61af494dc98bdb2b7a921a4ddf6f0391', 'b99782fe380a7e89dc709bc7ede3522cf1a7dc5031637cad97a67d2a7b17188225d9eb2506c25d53604009980612', '2016-07-26 13:58:37', 1, NULL, NULL),
(189, 'Meika', 'meikamdn', 'meikameidina@gmail.com', '081250242097', 'Jl. Media no 4 pontianak', '1d449e5d6ed10076eb37cbeb96dc8a8e', '021d9ef83fe62370ad45312f64d45532845c5203f2bec4673f97605ee77169cd6552360b601d1b37e41846d4dd91', '2016-07-26 14:55:23', 1, NULL, NULL),
(190, 'Meika meidina', 'meikamdnn', 'swinyanniza@gmail.com', '089610405771', 'Jl. Media (depan mega mall) no 4 depan mesjid nurul wahda', '3210156b80d9d2c721ec9e15af5f4a4b', '89f84f5bcb8e226fde1434ea9c34caf3e5b65308eec9fe060d20ff3f25eb0b1dc2ac94761a29d213bab585f73ad8', '2016-07-26 14:55:32', 1, NULL, NULL),
(191, 'ira safitri', 'gnafisha', 'izzycute_z610@yahoo.co.id', '082357364816', 'Jl.Danau Sentarum Komplek Sentarum Mandiri  B.33', '655e138fa954a7b9fb531d2d3ffd3a2a', '3ade2d071cb37318830475e94c9f05d116b42eba024107c34bb95403cea3c9c1d29eeae7aeba872685550feb91f3', '2016-07-26 15:41:29', 1, NULL, NULL),
(192, 'fatimah', 'fatimafadhli', 'fatimafadhli18@gmail.com', '085750045982', 'Jl.johar gang intan no.22.\r\nLebih mudah masuk dr gang batu bara, masuk lg gang samping surau. Rumah yg ke 4 belakang surau (rmh kost)', 'dfd9c7d5772dc9b476d137d04fc98a1d', '063dd55428ee602e7ff5603d7b409137c58ba17314cc5edfb9931ae343f103d0ada30cc8d180aea48f3b4fe88b3f', '2016-07-26 17:44:59', 1, NULL, NULL),
(193, 'Lia indah sumaryati', 'lhiyamellano', 'lhiyahardika@gmail.com', '089693829004', 'Jl. Tanjung raya 2. Komplek tanjung indah no. 4. A', 'f3674879f5e18c7989e02235da302cc9', '6c90ad3e8b6d689a0494f612c8754ee8a7584290768e75c00af1b822f6388762c7d78d0c42743a30ce4f8c783fb2', '2016-07-26 18:06:32', 1, NULL, NULL),
(194, 'Feisal Prabowo', 'feisal', 'feisalprbw@gmail.com', '081258861729', 'Jl. Hm Suwignyo Gg. Permai No. 48', '8cb88fb11400911e5ea5267d61b749f3', 'fb689247b355ac918f62ccf98578546fdf78bcf2b20e89c456b750421d300fa9a69a256f9fe892526e5aca7028e8', '2016-07-26 18:06:22', 1, NULL, NULL),
(195, 'Dwi Ayu lestari', '852014', 'dwiayulestari9393@yahoo.com', '082156882625', 'Jalan Tanjung Raya 1 gang damai no 22\r\nRt 02 tw 05 kelurahan dalam bugis kecamatan Pontianak Timur. ', 'ac37aca3db1a68158790db77b0dac0b4', 'cc73b3d947a8ba29aabb25f36d7df7245d32d58e8622580bf00258cffd494f9e42297d48cf092b40bd23fcfc87fa', '2016-07-26 18:06:13', 1, NULL, NULL),
(196, 'Chairunnisa BNP', 'chairunnisabevinp', 'nandaputrinanda28@gmail.com', '082251530804', 'Jl. Dr. Wahidin Gg. Batas Pandang Jalur 6 No. 14', '02060dac30efa3f715283bbd733fb844', 'ea429e4e7ed07037814256030c8d73228fc11205ef3186f41b15b6d4097051b8244869d78e520ae44a1451f5f7a7', '2016-07-26 18:47:39', 1, NULL, NULL),
(197, 'Melinda Nur Amalina Putri', 'melindaaa', 'melindaamalina@gmail.com', '089612543504', 'Jl. Sultan Abdurrahman Gg. Aren No. 38', '46e2b2b656b185566664f896f680fb06', 'efb6f1bad2808a6783e35432b83145c652999c27b64b0713a588ea1ad42126f48a715a3183822492e3aa6d282cb5', '2016-07-26 20:26:26', 1, NULL, NULL),
(198, 'imam safii', 'piold', 'simam0932@gmail.com', '081350414744', 'Gria korpri blok 2 no 277 sungai raya dalam.', '550a50c1812105ba66dc3e7fec031675', 'dff7c6e1c249c8f4aa51d74453a054c28e7ed9163a03fe42bf11179e8be574f4b9af6cdac45d80fbabc5de3a77db', '2016-07-26 20:51:55', 1, NULL, NULL),
(199, 'Bowie Andrew', 'bowielimz', 'bowie.andrew92@gmail.com', '08125888223', 'Jl. PUTRICANDRAMIDI GG. CATUR JAYA NO. 25B', '23a2cf25c61f762270ff65e2fc0e2197', '9bec871b2f534b69cabe87dab7d835ac4c2e087f0004e0c0f3c74acec5a882fb1f0c429b982c714b126db2aac4bb', '2016-07-27 08:13:28', 1, NULL, NULL),
(200, 'Wenny', 'uraywenny', 'wenyrayz@gmail.com', '089658384048', 'Jl.husein hamzah komplek harmoni indah no.2 kelurahan pal 5 kecamatan pontianak barat', 'bd387d6535912cbe5ff7e51d6d2c8bbf', '313a53a5c6faa6e3e5bb90bd59aafcc99d3c782c3fa2e1f6bbc673b5823afebca2efcb432838be41b3083ded230c', '2016-07-27 08:26:27', 1, NULL, NULL),
(201, 'dwi septi handayani', 'dwisepti', 'dwiseptihandayani2@gmail.com', '081256651151', 'Stikes yarsi pontianak,jalan panglima aim no 1,kecamatan pontianak timur,kalbar', '179337c2d1818e83706fa4f90888ae7c', '463063f4977e798695dc1bab7c2f90a7e81fc34fbb7e61c896b28d07cb6900344c6a1ebb8d1cf3c4ced87d154212', '2016-07-27 09:37:19', 1, NULL, NULL),
(202, 'Ermy rahayu', 'ermy2404', 'christian.emmyrahayu@yahoo.com', '08115772404', 'Jl ampera komp cendana mulia A3 kotabaru pontianak', 'b9d8a9f08cec9a22c07287c8437beeb0', 'a37c948b991c7957a0b9471a95bad4a02dd20cea1f9bbb1f31f6fa3b4177fb578812937ce10984726e56efbc70fd', '2016-07-27 10:06:37', 1, NULL, NULL),
(203, 'Ika wahyu retno palupi', 'palupi', 'mamaenzone@gmail.com', '08152224307', 'Jl.sungai raya dalam komp.bhayangkara permai f.23', '0a6486a8a0b85697eba71588fbc44522', 'fddae517ffbc30a1afd4fbe401a16c4b7ce07eab6c2d6278a566dd872fb782da2b83270a3744e9b7b17f8efb3d9e', '2016-07-27 10:40:30', 1, NULL, NULL),
(204, 'Beby prilly', 'bebyprilly', 'prilly42@gmail.com', '08115707148', 'Jl. Perdana komp. Bali agung 2 no. J-5 pontianak', 'c90af12ef0884553eb6926e32cd4d078', 'd8b24819435a41d49cc147a999d619531915bc9e9ad539d2644040f5d9e4d7655c2f754d358835c4e13a324bf19e', '2016-07-27 11:24:30', 1, NULL, NULL),
(205, 'Silvia sundari', 'silviarusmawadi', 'silvia_sundari@yahoo.com', '08565049291', 'JL Hra rahman Gg bukit raya 1 no 35 sungai jawi dalam pontianak', 'ca8569726e7bed10ed097f73515dd24e', 'af0d47d149efaed3a321732653149a946dcf9f59ecc093c09eb96f96baeed211dcbf0cb247c2d4c5ef202a309c6a', '2016-07-27 12:02:16', 1, NULL, NULL),
(206, 'Hrhhrr', 'kucingers', 'cyholder@gmail.com', '0894678844', 'Gshsvshshhs', '4553f7b2039ab679af890143fa1f00ff', '23c5d5fbfda9ab5014659a1bd40cdee744655c7b40a08b6e27196336974eb18390961adbc13dd4c504ae1ee6d5e0', '2016-07-27 16:35:22', 1, NULL, NULL),
(207, 'Eka Fitri Handayani', 'ekafitri', 'ecan.cila@yahoo.co.id', '082255988515', 'Jl. Parit H Husin 1\r\nGg. Palasari no.18 (sebelah mini market paris indah)', 'a5edb45b4b2615022dd10ff4ebbbd3da', '5f5f255d97965b5adc2ac6dc812a0c0656b437e6fe51a49decf1a33767baaaea294dc288f5e140268d8ab92e18f8', '2016-07-27 14:21:31', 1, NULL, NULL),
(208, 'bayu indrabuana', 'bayu', 'pjuliandini@gmail.com', '082157400940', 'Jln. Sungai Landak Barat no. 103 (perumnas IV) l, pontianak timur', '77ce01fb21e11a47d9d68896ac3404ff', 'b18788f38cc5ea0d74379ab7d0696ed4e523d03be6c43fbc8882c4030896b86c887e903706f095cceb0c7fa487d1', '2016-07-27 14:21:23', 1, NULL, NULL),
(209, 'widyantoro', 'widyantoro', 'anto_djpt@yahoo.com', '087711140552', 'Jl. Medan merdeka', 'e172dd95f4feb21412a692e73929961e', 'c9d9e5a780a9ac06484a6acaa9f9e00485178b9760b1adc9b4f8d0cb48f2ded240077a84f257310a9637d6b4fffc', '2016-07-27 14:21:05', 1, NULL, NULL),
(210, 'Agung sugiarto', 'agung', 'agung_ssit@yahooo.com', '082152260918', 'Tanjung raya 2 Pontianak', 'dfeb62693fb874a147d7da9400a424f5', 'e842f84bd90ec27c221eb944b44a70c722ac132f1e7fef1582ab963215ac097f09f7f632d95c1eb7a77633a65b5f', '2016-07-27 14:21:00', 1, NULL, NULL),
(211, 'Aul', 'rachul', 'karyasenisilu@gmail.com', '081253551011', 'Jalan dr.wahidin gang sepakat 4 no 3 depan masjid', '062638bba008f09a479e778d0531b41a', 'd50626201481cc3753c689e553b32b58a80bd2eb5b8160668eea6617cae1111af88e9be4ea327cb5afd95851bcae', '2016-07-27 14:20:51', 1, NULL, NULL),
(212, 'desi verawati', 'desi', 'desiverniz88@gmail.com', '082351237188', 'JL.dr.wahidin gg.silva jaya (sampai ujung belok kanan) toko ds fashion', '9cc3752d0eb968596d73440578912ae6', 'b0388d001be59d65fec30f34521a5bfd198a609163eb25ac90a0eccb2d9750b3bcb5b7f61dd00dd5a0901f1dce75', '2016-07-27 14:20:44', 1, NULL, NULL),
(213, 'Jane Dwi Aura', 'janedwiaura', 'jane_lemot@yahoo.com', '082136863030', 'JL. ADISUCIPTO RUMAH SAKIT TENTARA KARTIKA HUSADA', '887a76e93a7917132d689eab10585c57', 'bfa2c50f2af4be08e80f91308f80d98e6c1719c104eac97edc5019189f676b94faf514c034a173bfd80eeb5a3e7b', '2016-07-27 16:01:04', 1, NULL, NULL),
(214, 'Leili', 'leili79', 'leili_qm@yahoo.co.id', '081325230214', 'Jl.Dr.Wahidin gang sepakat 8 No.AA-1 Pontianak', '0123b2f6ba4a8ad1b03ab2e812e6d24c', '63352c541173dd6fba5bacce72ab9a628f1b47d8ed4460923f27cdc42b72b12f4ec708d0071815ecaa3067b6aab7', '2016-07-27 23:01:32', 1, NULL, NULL),
(215, 'zahratul aini', 'umuhusein', 'zahra120108@gmail.com', '085222226310', 'Paket 6 Desa Sei Seponti', 'a6a8ef83e31219f610cf9e40f23e5233', '0d9d5b346bc72ee9ed01520106cdb47e947fcf33ea7331fd430426fff25d02f07fcdf9a451e31c702b3115baa8e6', '2016-07-27 23:01:22', 1, NULL, NULL),
(216, 'Veneranda Dian', 'diann', 'venerandadian550@yahoo.com', '0895368491701', 'Jalan prof m yamin gang ekadaya no.33a kotabaru', '88fe90b6c60d4356694064a338ea8706', '59efd022db6ff6710ce96392a813ff31d54de0b66f2daa41f8eb5379b3c82c76b2b0d0657fc71781b375849bf532', '2016-07-27 23:01:10', 1, NULL, NULL),
(217, 'Dini', 'thamiemoo', 'uwahyudiniyanti@yahoo.co.id', '085245667888', 'Jl. Husin hamzah', '3e884685c35264b906250accf6185e9a', '338983c375fcf4194dceff9377e252e3ee50a7223f0fa0d19eb303de111ed1e734b7d14f54746130cf1acb78578e', '2016-07-28 11:03:06', 1, NULL, NULL),
(218, 'Rini Indri', 'rooroo07', 'rhinessance@gmail.com', '082250483388', 'Jl. Parit Bugis Gg.Sekawan', '8292182f07f8df8bf2bbbc09f5aa4f63', 'ef7ddcb07ff85b655628cfac3a1139ecd1c8e4e2c6f2e66bb57d28ff6fac044a94e3092f8c8198e2ed1a198c4760', '2016-07-28 11:03:02', 1, NULL, NULL),
(219, 'tegar', 'tegarmc', 'tegarmc88@gmail.com', '085245636123', 'Jl Suwignyo Gg Sidomukti No 33 Pontianak Kota', '361c610b4ae465ef1c01b4f00a5a9bcb', 'e02b75a442fe8f506954aa746045795069a92321e0ca5265dd989bddb6466da8bcb5bb4697c856ab8ffefd8b69fe', '2016-07-28 11:02:56', 1, NULL, NULL),
(220, 'optik seiraya', 'optik', 'arinbkenda777@gmail.com', '08565008961', 'Imam bonjol', 'e10adc3949ba59abbe56e057f20f883e', '31c1f9ce47d86fec0a3dbba801d3cf189a1b564070c1813664da98a055699103f8d948e4b923ad9559cc052e357e', '2016-07-28 11:02:44', 1, NULL, NULL),
(221, 'Nova Isnawati', 'nova1301', 'nova.isna1301@gmail.com', '085245783075', 'Jl. Karet. Komplek Surya Kencana 1\r\nBlok A No. 10', 'e08b4ab0a184f4f55988e48737a69bf7', '911612e783b72c295e3bd74554c08b246eb3a5a5f39557b71622796e3ba58335ea704db1083c8941150b1469eb42', '2016-07-28 11:02:49', 1, NULL, NULL),
(222, 'Anggi', 'caysayuna', 'anggidianti@gmail.com', '081347383760', 'Komplek Untan Gg karangan blok b no 2 Pontianak ', 'f3cc15b3eb6ed664845e1f0c0f1a1fff', '9208c62709127d28203eb89578859c7f1c1c54cf132bee6cc0b1c2bf1ca3ed7ae40886c58096b18bb3805627be26', '2016-07-28 11:28:04', 1, NULL, NULL),
(223, 'Monica', 'monicasalvatore', 'monicaslvtor2708@gmail.com', '089697734440', 'Jl jendral urip gg kutilang no 21', '1cdf613e1ba6ff17ad09f5c4c5028443', '76f1752d0344d494c72bc7a145241d5fd2d246d5c69211b212fe140cd272ecf329bbb009727f23a133e9189dbb10', '2016-07-28 13:17:16', 1, NULL, NULL),
(224, 'Monica', 'monicasalvatore77', 'salvotercove@gmail.com', '089697734440', 'Jl jendral urip gg kutilang no 21', '1cdf613e1ba6ff17ad09f5c4c5028443', 'a048ac37a2eecb82181830ed5a53892319eb33c4a167fecd3cf9abbda0b279bc6474706ce0456c1dd30e733179ab', '2016-07-28 13:17:09', 1, NULL, NULL),
(225, 'Sari Arsyfa', 'sari1012', 'afr_2104@yahoo.com', '085252593474', 'Jl. Imam Bonjol Gg.H.Mursyid Dalam No.71 Pontianak Selatan', 'be0155759588de522556cabd790af7b4', '31c552eea7738438640446c6aed85e6763f1ec5d9fd21adfe45b639377da26f55bab4dae0be3df4aa6b01444ecf2', '2016-07-28 13:25:40', 1, NULL, NULL),
(226, 'Luri diansari', 'luridiansari', 'luricantik93@gmail.com', '081350291929', 'Jalan sungai raya dalam. Komplek mitra indah utama 5', '5cf879f11aebb306d1b9793c0b8b0665', 'af38c2a79cd10963349cb839c00c1ffe17fa08b28fa008ae68d2d3700ba28fbbc2b2136b756f76ca48bcdaf84949', '2016-07-28 15:16:40', 1, NULL, NULL),
(227, 'Stefanny', 'msstefanny99', 'sheiracandra@gmail.com', '081253998685', 'Jln gusti sulung lelanang gg damai no 14a', '1283dc84158faf573b833cad38c7beba', '469d0ea3415bda21b46524a11802bd253224c0a73b42eba312de6c5a702c6b33c3ea82d7760421771077a2ab3ae0', '2016-07-28 16:17:45', 1, NULL, NULL),
(228, 'Netty', 'neilha', 'nettyherawati88@yahoo.com', '081322188679', 'Jl perdana komp bali agung 2 no b3', 'e10210f730a1c83b52002d3ece513da6', '3fefac41207fb5d770f5bac9a9f1ee1794fdd85ff737ee3d343e45dddb2296d14d19a5e94b0ee78ead31957de162', '2016-07-28 16:17:40', 1, NULL, NULL),
(229, 'Stefany', 'zizliine', 'zizliine@gmail.com', '081281847530', 'Jln Kha Dahlan, Gang Margosari, No16D', '22a094854e1ab2fae13ba2b8f9aec2bf', '291c7a7eb3839e3473fc2575438df299bf7c467dd717410cad6589285d7cfb82a9a4e1b648d2ea8291a656da1b7c', '2016-07-28 17:44:23', 1, NULL, NULL),
(230, 'Audea rahmawati ', 'audea123', 'audea@gmail.com', '08965484947', '\r\nJl. Johar gg.intan no53', 'ca60518613d85db2cca8e58e480d1de1', '156214bf5466c6d6f9a7fce67008d44c6c2f9779856bde5505a1108ca6fc27992ccd3cc500bdcc3550272b1b2b17', '2016-07-28 19:15:58', 1, NULL, NULL),
(231, 'Salwa ariqa fatina', 'salwa147', 'audearahmawati@gmail.com', '08975484947', 'Jl.Johar gg.intan no 53', 'ca60518613d85db2cca8e58e480d1de1', '514772aad083de0dd489a3bb50f46f66a1b0f181add483ba0eefae4d4e24cb981c7c3a330d3c988e6a6c5afb57ce', '2016-07-28 19:15:44', 1, NULL, NULL),
(232, 'Evan', 'hervyandi', 'evanhervyandi56@gmail.com', '082255699500', 'Jalan abdurahman saleh ( BLKI )\r\nGg .PERINTIS  NO.6B\r\nPONTIANAK', '8f16105c72dc2f5b5c8d4d189a3b0e6d', 'cff77e1c5f69a62125889de5aae830480fed7dc23885d5a928c4f578cb7ff996d36501a3fc18e8d4aadf2b9ea4fa', '2016-07-28 21:57:44', 1, NULL, NULL),
(233, 'Novi Muharrami', 'phinkdoll', 'phink.doll@gmail.com', '089660683530', 'Jalan Kebangkitan Nasional Gg. Al Ma''adi No. 2 Kel. Batu Layang Kec. Pontianak Utara', '8170d91103b072c37165d3b0456e7eaa', 'b6cb35d6de0d2489bffd0e90c65a1830c66d6bc8c293958343b246bdcc4dac1c4b3e00ddfbabdd872735b5ab79b2', '2016-07-28 21:57:36', 1, NULL, NULL),
(234, 'Herman', 'hermansunandar', 'hermansunandar22@gmail.com', '081253589939', 'Jl.purnama Gg.madyosari 3', '28740a5de75c8173db82a7f7a09aabed', 'dd1d3debd252277724d7c4928cf05695974c9ae0a4f546ea2a49b66b26ef7ae9688656cbcc93e35fd301ed14bb34', '2016-07-29 09:29:00', 1, NULL, NULL),
(235, 'Ira Grania', 'iraiik', 'iragrania@gmail.com', '081393816148', 'Komplek Untan\r\nJl.Sintang No.P.9\r\nPontianak', 'bdce9868e459bf6892064723da5e9d4d', 'edc806246b2d3caa1e9aa937e10afccbac8b447e15b73c0d917272d6547cda9d4f2e90fe644be25595c97486ab80', '2016-07-29 09:28:55', 1, NULL, NULL),
(236, 'Muh.solikhin', 'solikhin', 'solikhinmuh@yahoo.co.id', '081210944495', 'purigading blok d8no 3a.jatimelati bekasi', '1007ebbc8ac3da9fdc8d313136027d7d', '50b10f4340896005d9691bcccccbb5a239fe39233c63f19185f423d3b429a29090eec36f13e51b255f521a06df2a', '2016-07-29 13:49:18', 1, NULL, NULL),
(237, 'Elen Salenda', 'elensalenda', 'elensalenda@gmail.com', '081346576717', 'Jl. Perdana Komp. Bali Agung II Blok D No. 4, Pontianak', '1d5db84b786c32f38ba60abf934cd87f', 'fbc117d235dbbc71586d8cc8760d4e45a80c95ddf27a0068604d2fb540150ee1d627c9607bd981a56e6ba23f7dde', '2016-07-29 13:48:38', 1, NULL, NULL),
(238, 'Citra niisa', 'citra', 'citrababy88@gmail.com', '082254705439', 'Jl.Gajah mada depan hotel aston ,ruko warna biru no. A8', 'bcf724960b885a52499940a654757021', '94d73e6de690776c1b510802706695b31fd3048c346f4051e37ddd74f97fa96d859a51d061c613876c5d0124d3e0', '2016-07-29 13:48:29', 1, NULL, NULL),
(239, 'Ranti nurfitriana', 'ranti', 'rantie24@gmail.com', '085245502049', 'Jl tabrani ahmad komplek graha bumi khatulistiwa 3 blok c no 11 pontianak', '8cc946123dcf3c00c15de91c11db056f', '3e9c8adb3c9b05297dda619e2de304aa9e3162aa8fa43a663d186b4f550a88ff9fb71e9cf1d7ba1896bd9170711f', '2016-07-29 13:48:19', 1, NULL, NULL),
(240, 'Ismia Raymon', 'ismi', 'ismiaraymon16@gmail.com', '081350161399', 'Jl. Tani Makmur Gg. Madyosari 1 No. 18', '66c7ee3ad14a0d95f5aba15dcf7532a7', '5e0a9cf8070f0e0dfe5e6b75e83e7de732615eec755158cf9ebaed8b9e952f3026b378ee9bcce5ad69ca9b93e0f3', '2016-07-29 13:48:12', 1, NULL, NULL),
(241, 'Rosmawati ', 'rosmawati159', 'audearahmawati36@gmail.com', '08975484947', 'Jln johar gg intan no53', 'd20eb67225f7e9243a831e88eb7cbb64', 'c6e11c1f722248f008b5d4c168cae2e59d76a8b8464834a716e95450de63ede1e4a08975d94a837a5fbf448d9fad', '2016-07-29 17:39:58', 1, NULL, NULL),
(242, 'rizki utami', 'tami', 'rizki.utami90@yahoo.com', '085725824689', 'Jln Dr. Wahidin Komplek PU jalur 1 No A7', 'eac99d59b13293355de6e76833dca5be', 'f95ee0a20169102f27148493fd97ba78a184a91296339985cdb0379bb406dfa8d03e7289c27723816ff57adc3b9d', '2016-07-29 17:40:10', 1, NULL, NULL),
(243, 'rizki utami', 'tami14', 'rizki.utami.fa08@gmail.com', '085725824689', 'Jln dr wahidin Komplek pu jalur 1 no a7', 'eac99d59b13293355de6e76833dca5be', '46f50762156f7a205f037cfb5f469ae269ef5d96ca23a437301086aa1af8660fef6894b94a859b55a0f7f5569a92', '2016-07-29 17:40:20', 1, NULL, NULL),
(244, 'Audea ', 'rosmawati', 'audearahmawati36@yahoo.com', '08975484947', 'Jl johar gg intan no 53', 'ca60518613d85db2cca8e58e480d1de1', 'a2f34bc6a6b94c2db4df2d5af7143cc124ba145ac4c3c83fb40cfac1582e48eb99ac55a27cfe5de85b3453f3ddf5', '2016-07-29 17:40:32', 1, NULL, NULL),
(245, 'novi nuari', 'novi', 'novi.nuari2@gmail.com', '08115622890', 'Jalan paris2', '62a246a35707e7cb571ff2bb18b615d2', '0121fdb39c15cf95e983e5276855c311f8fed05557e9da31f31058a48cfdeb7ae00ff9415b6be750ca63ba0630ec', '2016-07-29 20:05:15', 1, NULL, NULL),
(246, 'Wongsolo pontianak', 'wsptk88', 'wspontianak@yahoo.com', '082226917074', 'Jl. Sultan abdurrahman no. 87 pontianak', 'b1aba3297a86434f3ff17c85df916f44', 'b272b53a5b251e5f05307e48d2de0eaaf1baf801be85fabb293e38e3a09788f9dd0054d0c7e958d6a2a6339ccf12', '2016-07-29 20:05:05', 1, NULL, NULL),
(247, 'wini rahayu', 'wini', 'wini.rahayu@gmail.com', '082240519026', 'Jalan Ampera, gang Hidayah no. 7B, kel. Sungai Bangkong, kec. Pontianak Kota, kota Pontianak', '2d4578fcb68c82c71e3560ce4004f968', '9f23b685654ad9067d34d69c78807c790cd63a64629d589f0d863225bd124085c5b951964809d20ef340cecc0d20', '2016-07-29 20:04:54', 1, NULL, NULL),
(248, 'Floren', 'florenmk', 'floelfishy@gmail.com', '087818058780', 'Jl. R.E. Martadinata No. 40 (dpan Gg. Puring) Swan Carwash', 'be403ef5fbf93ea123b0820b446b815d', '3ef5cbca564465a14b746a21a60589ecf7a37754859744c1941c8034e35ca39ac1d026457c24a5caf8a9f3bc5df7', '2016-07-29 21:55:51', 1, NULL, NULL),
(249, 'Pandhu Dwicahyo', 'gundamlicious', 'pandhudwicahyo93@gmail.com', '085750441777', 'Jl.Parit haji Husin II\r\nkomp imigrasi no.1a', 'd31b2cba435ed836f2ee59f49d1bea6c', '07d9ee112195792e083388b1f3c53382ea5352aa7c13b9fc9ea665d66f23d7519fe286b753197b4c06ed08eef828', '2016-07-30 13:19:32', 1, NULL, NULL),
(250, 'Revenia', 'niaa', 'niarevenia@yahoo.com', '081253350493', 'Jln. Purnama Komp. Dinasty Indah No.B.17', 'c3a01b0c1d46e8fa1759519999aa079e', '7b79e92839777e03ac1585c282c32848b667fe35f13afa6d68478f78a2139404d5bcd15c6df20c9f92e8ae092251', '2016-07-30 13:19:18', 1, NULL, NULL),
(251, 'Agnes Revenia', 'revenia', 'agnes_revenia17@yahoo.co.id', '081253350493', 'Jln. Purnama Komp. Dinasty Indah No.B.17', 'c3a01b0c1d46e8fa1759519999aa079e', '019bda35e1ec9fd439ee82ae6dc52febc813b0c200141ac74eb5ba3569b95c56f1d1c2c22e42d5e578324368a18e', '2016-07-30 13:18:47', 1, NULL, NULL),
(252, 'Ima', 'imanorma37', 'imanorma63@yahoo.co.id', '08565153803', 'Jln kom yos sudarso gg. Catur warga no 9 ujung', '2e95185823298a28672b5323436a9774', 'c4b0d36224eb212a467d4c56e098f2d6db13e4742d31cddc4da4129b63ab4e46430829f6fab04531b964a31f618c', '2016-07-30 13:18:42', 1, NULL, NULL),
(253, 'Weli', 'weli', 'whelhy@gmail.com', '08524552121', 'Jl. Srikaya No. 26A', '3453413ef14dc7a8d82efdb3e8298b34', 'a763144161feff779e702f428e521d065d85789875417eab6f45a34bea0f6e1f69fc697766d7e9810d8fe9472961', '2016-07-30 13:18:37', 1, NULL, NULL),
(254, 'Keisha', 'keisha', 'keishanashwa007@gmail.com', '08115638883', 'Jl.Parit Haji Husein 2 komp.Alex griya 3 no.A16 ', 'f25a2d74d7d02223dd35518d818dabde', '7d2f9097eefc2b54ee199c5f375b1f1258878ea63a9618fcd9fcd20fdb520c439a0b2d0c7c90285dc7187056feab', '2016-07-30 13:18:33', 1, NULL, NULL),
(255, 'Paris', 'sparis', 'sartikasambas.si@gmail.com', '085348474636', 'Sambas', '780ce2c7671323a5b72aca624c0ea4fc', '6c3a3235bc1eeaa9b2a6dbfb78b7f8d0427e8ff5f5e0880568f6f2ed474c622586d21eaf0e7c12f751930bb17085', '2016-07-30 13:18:27', 1, NULL, NULL),
(256, 'Regi', 'regi', 'muhammadregy98@gmail.com', '08999194560', 'Jl.tanjung harapan gg.potlot', '053abcbe4a0f0134d886f3a5726f01cc', '73bcfd60fbbbba6be0df8667bdd264e450c68f69e20121467e0799c7b27b38808a0ddb0d6d9dd32d531b03e4475b', '2016-07-30 15:51:12', 1, NULL, NULL),
(257, 'Pri', 'pri888', 'huattong888@gmail.com', '08125705835', 'Jl. Cendana Pontianak', 'ffc19181da894ab72bd2858e8b9040c0', '271a56548c8c7bd1808ac5a5f35c4118f44c89bca2cda33a80f685921dfff632b20b6a9b3dffdd653a56d189b8f5', '2016-07-30 15:51:18', 1, NULL, NULL),
(258, 'regi', 'muhammadregi', 'muhammadregi98@gmail.com', '08999194560', 'Jl.tanjung harapan gg potlot', '053abcbe4a0f0134d886f3a5726f01cc', '1190a4ddc5a9777d4aaffe3eacb76a042820dd0ae2d1c902e7ec8c883e84ae29307e3e20c77a74863378c98aaa7f', '2016-07-30 15:51:30', 1, NULL, NULL),
(259, 'Novitasari kollman', 'novitasarikollman', 'nsari6050@gmail.com', '085750292918', 'Jl.panglima aim,komplek bahari mas no.10b tanjung hulu pontianak', '95167e73f0e649c207e200e60429d97b', '8bad3d15b3302c6c2212ca99365f85274c49eeef3801ad74f3a75d773c1de7b2bb554fe858558884c5dc1a2eb142', '2016-07-30 15:51:36', 1, NULL, NULL),
(260, 'kite', 'kitekite', 'alanea.romaji@gmail.com', '081587456807', 'Pontianak', '300b062168b4e12195113727db034715', '85290efca5955646e5323e6db5d153cefcf382fa1be9096030bba1fd5b006794123abaf49da58bf1f79be583727a', '2016-08-01 16:01:13', 1, NULL, NULL),
(261, 'Risa Tifla', 'tifla', 'fla_alone@yahoo.co.id', '08565042223', 'Jl. Karimata no 14 , Pontianak', 'df7f0a628a1e3ab5142d8a1e99230dd3', '82fcc7c9d9b9691cc6473aaf098ba7cd58a5a716cc65828c1a828ed84cfeadf476c9ef7c73ac84175251f7c86f88', '2016-07-31 09:56:58', 1, NULL, NULL),
(262, 'Horas Hendra Utama', 'nirdza', 'nirdza0427@yahoo.co.id', '081253755695', 'Jalan Sukamulya Gg. Sukma 3 Blok F3', 'a6b896c1bfa44d98e1ffe9b6fabdeeb0', '7e1e54ef48fd53227a33cb44158f1a83c6de48c5aa8f941a361cdbd5a53f65b6d2cd59a15d6b693df6735d7308e2', '2016-07-31 09:57:11', 1, NULL, NULL),
(263, 'Astika Puspaningtyas', 'veilady', 'veilady41@uahoo.com', '082152982579', 'Jl. KHA. Dahlan Gg.Margosari No.18 B. Pontianak', 'e765e51aee04737b46b64e14467b05ca', 'f5ac24796bd95b9d18b8df1b445a99155fa4143cef6ab4273f20fd14378a98116df4b0ff2df1608f40e2355521d3', '2016-07-31 10:43:56', 1, NULL, NULL),
(264, 'Astika Puspaningtyas', 'veilady41', 'veilady41@yahoo.com', '030579', 'Jl. KHA. Dahlan Gg. Margosari No. 18B', 'e765e51aee04737b46b64e14467b05ca', 'a870c046aca266d26f7ee2c26cdad342201b0bc5f3c242480488c16dd834e8cd2616f92e5312c8311298ecfbc89b', '2016-07-31 10:43:40', 1, NULL, NULL),
(265, 'letisia vinny', 'letisia', 'vinnyletisia@gmail.com', '089518077204', 'Jln.komyossudarso komplek BTN jeruju permai blok H no 10', '78022499e8e0eae4ee09d3457132aa73', '9691cc73eac0752413ab94b8c5d288086d19050f7240f91b76cefe7cc46a67ae320615cc23747fc45ee346ab7ba5', '2016-07-31 10:43:31', 1, NULL, NULL),
(266, 'militansina', 'militansina', '1princessrose1@gmail.com', '085252641969', 'Jl.ya''m sabran no. 2 perumnas 2 no. 2 pontianak barat. Depan puskesmas perumnas 2', '8df802637dce6135e1e9e78139b88c01', '74c7a7c86e8e89c2f448220316f4289554ed50ca4af051834332323655c4c111ed9d0bdc3ce6c298bfd96d0ea87d', '2016-07-31 11:06:15', 1, NULL, NULL),
(267, 'Satwika', 'satwikan2012', 'nimbus_amazing@yahoo.com', '081522714824', 'Jl Kom Yos Sudarso Gg Tamang 2,no 134 A\r\nPontianak', '9dfe56f1e6a010873fd790f97bf53440', '5cda28ef5af4f70ce8081901d900b6d077f0261862d35be2d8d3ca8cf4eb0c453de9952d0f55a3c5986121469ea2', '2016-07-31 12:58:11', 1, NULL, NULL),
(268, 'Ibnu hadi saputra', 'ibnuhadisaputra', 'ibnuhadisaputra@gmail.com', '089695567853', 'Jl perdana gg buntu rumah kedua dari dua rumah (kos) atas nama ibnu', '1bed48b22e7bd06cd848b7ac071cac7a', 'd16a4dee984b8bcd842fcdb85696af6475699ac00ab3a1e7a40c2c6d0a80c9c90997ae63030cd6fdac4745e4dd67', '2016-07-31 12:58:20', 1, NULL, NULL),
(269, 'Annisa fadya', 'annisfady', 'annisafadya94@gmail.com', '08973377136', 'Jl.Sui Jawi komp. Hasia permai ruko no 1a toko nella', '0deff6a379268107937d4e801c5ad708', '20d09a3135f2c1ce63b0b92cd3e78ca5fe49cbe6c8a22d78c9483f0ae70df8f9add56556c6b47cb8892f7db99984', '2016-07-31 14:41:15', 1, NULL, NULL),
(270, 'Reza', 'reza88', 'budi.susatyo96@gmail.com', '081351224425', 'Jln. P. Natskusuma', '5e12dc6df409ece2ec1ab98cc316751e', 'b29159c68f072bc5734621ef26b516b2011528eefaa9747a8f3688e906227641873774e225611bc1bd6beb54b7c5', '2016-08-01 16:00:58', 1, NULL, NULL),
(271, 'annisafadya', 'annisfadyy', 'annisa.fadya@gmail.com', '08973377136', 'Jl sui jawi komp hasia permai ruko no 1a toko nella', 'e3470f33bd2719ec42adea3878a9cdfd', '8788304441473c8277504fa0f29f60dd9810a3c259d1c93b0790635917af507a19f834f1b8b12795b815802ff8b1', '2016-07-31 14:41:01', 1, NULL, NULL),
(272, 'tika ajnuaria', 'tika', 'tika719@gmail.com', '085750483869', 'jl ujung pandang komp. kurnia 5c no 9', 'b5aa0e0b251af32c990ec741b59b080e', '790a5d0499c81804cb65ca53efc7d13c9a4e3ef02f73348d1bfc790af2b8580e65b63014b89ee46f7b64a0e04567', '2016-07-31 14:40:54', 1, NULL, NULL),
(273, 'Reza88', 'hansip88', 'amanahtravel.pontianak@gmail.com', '081351224425', 'Jalan P.Natakusuma Gang Jambi 7C', '5e12dc6df409ece2ec1ab98cc316751e', '272b00fb72fc2ffb02894ec372462ca0327c4bea9bffc569e689f80500ed900d336a8a8971ad2d7752e1562f8ae1', '2016-07-31 14:40:46', 1, NULL, NULL),
(274, 'Mamas S. Putra', 'mamas', 'mamas.surasmika.putra@gmail.com', '085245739057', 'Jl. Alianyangno.8 kel.sui. bangkong kec. Pontianak kota\r\n', 'fa0e671e32f1c96fd3a9b0be06b0b7bb', '37135e578ddf6b2cf5727677ea58bd12acfe5a6e0ed8e0bc9c8334a9cc0ce139c9da5857da80ca3fe6059cd79649', '2016-07-31 15:49:24', 1, NULL, NULL),
(275, 'Dr wulan', 'wulan', '05.vinlan@gmail.com', '085360111555', 'Jl.P.H Husin 2 komp acisa permai no 2 B pontianak.', '36b3b9a72d8ab26737ead868f63c95bc', 'b524a817e165c8abcfdef191de21ea2cf624f267967071622e62979dc8a161ed5c5d993eb4f138107ef9c2b31618', '2016-08-01 09:25:58', 1, NULL, NULL),
(276, 'Fellycia', 'yulwandafelly', 'fyulwanda70@gmail.com', '081270084103', 'Jl. Purnama', '93cc6cbb70752e9baeb3962a22826787', 'c12ec85802d158382a60e08a9ce4a02395658c51a3952ff0891562f00ca2fd93fe86eb4768ea09f36f3d32f3e8db', '2016-08-01 16:00:41', 1, NULL, NULL),
(277, 'Winda', 'winda', 'nurpawinda@gmail.com', '081952602987', 'Jl purnama 1 gg. Purnama 8 no 7', '72dc451da3ddaccc6dd5e406fd98302a', '060b73dbe177c75720cbf9e2dd551c034fe2efc6594596ab5f8c94cbb1ca0ff3d12e30abcaf2ec8d05443562bbba', '2016-08-01 09:26:23', 1, NULL, NULL),
(278, 'Nana', 'nana', 'ratnajulianti_rj@yahoo.co.id', '085281377693', 'Jl. Parit H. Husin 2 Gg. Wisuda No. 26B', '4aa4d47ccf7738930787e0b3b240a45f', 'f80bd0a37876ac1a9c0d4f11f0eb1a9dcde671126d37f33f5d994c192ad24ccc67175711f0cc6eb7adec370d5acb', '2016-08-01 09:25:47', 1, NULL, NULL),
(279, 'Putera Maroni Warhamni', 'puttramw', 'boyzzland@gmail.com', '085245758858', 'Jl.Tabrani Achmad Gg.Gunung Rinjani 2 No 2', '92b69e8389559abb871af962c8f016c4', '1d492ea58d5bd1c7e2cc3a6b7847cc1aabc217c92a6a15c3223e6f695882e23215b2e6e66cf7a4c816d56f560e65', '2016-08-01 09:25:42', 1, NULL, NULL),
(280, 'tika frazea', 'tikaa', 'tikaa719@gmail.com', '085750483869', 'jl ujung pandang komp kurnia 5c no 9', 'd5bd264400841cdf54255fdf304c7016', '60dc9e56c298edb6d0c258f28bca53e4f09f2d496e26e22418f54684c49843b53054a5fb692613b477453e794e64', '2016-08-01 10:33:40', 1, NULL, NULL),
(281, 'Yusantika', 'yusantikamr', 'yusantika@gmail.com', '081256790007', 'Perumnas 1 gg.amarilis no.1', '0df7b6eee260e0318ff822256b8fde83', 'ab39e9c531363db0a6bb44a09f12792303b88bb5bf127d82a27a5187d5aa0765b95e28ea54b9ab2b01dac60a0add', '2016-08-01 12:27:44', 1, NULL, NULL),
(282, 'cinthya', 'xing93', 'cinthya935@gmail.com', '082255192303', 'jl. imambonjol, gg. kuantan laut, no.20', '81ed0dea9b2a7ba7930672d5660ea972', 'fc579cff02207eaef62b55569350859efa53ba08e439b16b25fd1edb4ba03dde308ae4986c5aab19af5fd1cad86a', '2016-08-01 12:46:02', 1, NULL, NULL),
(283, 'mutiara', 'mutiarasalsa', 'salsabila2102@gmail.com', '089512079225', 'Jl. Danau sentarum. Komp. Green silva. No.A3', '8b6e8faec940e8a067952c6d53298798', 'ea85a89825ea90f01d22fd3bf74915402b6f75db9526a0654d50a3d988289af6a0d87d64bba3e576f23c9fa9ffe2', '2016-08-01 16:00:04', 1, NULL, NULL),
(284, 'dinda anisa', 'dindaanisas', 'dindaanisaa@gmail.com', '08125699083', 'Jalan karangan komplek untan blok d, nomor 12.', 'b0a4c58e126d4f0a1c874353350aa31a', '370d4252b27707b60ca00d274f2f4273e0d079731d369ab11d3de2be67288b268cb49c99c0263b5efeb205bfd747', '2016-08-01 16:00:28', 1, NULL, NULL),
(285, 'Kelvin', 'kelvin', 'kelvinvin94@gmail.com', '085252082298', 'Jl. Kom yos sudarso (jeruju) jl. Pramuka no 5B, TPI (samping toko obat segar bugar ) warung kopi akim', 'dc0026f5522b59bff313ecf34181ddc7', '021fa96190437f834099a02216962c0555a29f6e3e67c20fcbaca9a279428fadd5dd937bf330e7d85e13e807d2a9', '2016-08-01 16:00:12', 1, NULL, NULL),
(286, 'Kelvin', 'kelvinn', 'klvnkeel@gmail.com', '085252082298', 'Jl. Pramuka no 5B jeruju TPI', 'dc0026f5522b59bff313ecf34181ddc7', '5f0f2a37cf97b404a5e132328602ecc689a09e39e4195aced2cad82ed798fb4c0fa2cb605eaf82b9934e220c49ee', '2016-08-01 16:00:19', 1, NULL, NULL),
(287, 'yudi', 'yudi', 'heruyudi21@gmail.com', '082150395121', 'Jalan Purnama. Gang Purnama 1. No.19\r\nKecamatan Pontianak Selatan\r\nKelurahan Parit Tokaya\r\n78121', 'dd81564b275d99e4743aa89de350b99f', '127f82fbbbf3734b9cb6776846abccd14c6f32ba6b307de3a5433982d4abffaafaff218ea01c5198604254d7b5cb', '2016-08-01 16:32:05', 1, NULL, NULL),
(288, 'Heru', 'heru7376', 'wheru7376@yahoo.co.id', '081253529491', 'Pontianak', 'd2e75e053f963a0d5d998bb4d0bf69d0', 'ef662b2822389a5f98d61c6044a3395b7a2e28f27234c4175a857c9dedde03ecacb4168986800ca24d4058e6398b', '2016-08-01 19:27:17', 1, NULL, NULL),
(289, 'Carlos', 'carlostan', 'carlostan31@gmail.com', '081214099933', 'Jl. Kom Yos Sudarso. Gang.Jarak No.68', '87f9cd66520bc138de9115f195e87548', '0144cebadfd1e5c6a0871446d4bcf5516a4cfe0c0294e719354114ec676fe5f2aca39cf172c88becdcb5957ac858', '2016-08-02 09:40:03', 1, NULL, NULL),
(290, 'carlos tan', 'carlostann', 'kiyoshii@yahoo.com', '081214099933', 'Jl. KomYos Sudarso .\r\nGang.Jarak\r\nNo.68', '87f9cd66520bc138de9115f195e87548', '659badddf319c1b9d7b5b8dbaa80aec991896ad65b3ae4d47c3439cb2390dbe26ed2e7d423fae28d307ef0ede9b7', '2016-08-02 09:39:52', 1, NULL, NULL),
(291, 'delia', 'delia', 'deliaocta10@gmail.com', '085151477799', 'jl tekam', 'e23ecae01f4044e9462906fe6e29ffbc', 'aa9d510972ea51da4cf67e013c9811113f4bd2934dbd7f385236f5334222e8b4eaa11adf02a812fa772456ce87ed', '2016-08-02 10:10:50', 1, NULL, NULL),
(292, 'Abdul malik', 'malik', 'bang_dol28@yahoo.com', '081345543303', 'Jln paris 2 Gg asoka', '9a4843fccb863882e4c8e3604216ffee', 'bb5a09628f113848caecd244b981b2a4dd4bc8a3b1b479167ed0f5c382fb41a6ac55d2a360a3d102311f6b037ecd', '2016-08-02 11:16:37', 1, NULL, NULL),
(293, 'Riza', 'rizajuli', 'bankdheriza@gmail.com', '081352272271', 'Jalan Parit Pangeran Gg. Metal Siantan Pontianak Utara', '12444fa8cb53ac378580603438520dc6', 'aba7f9fb7a05a9ac231e32d70b3d9e05555ae8856c654a02002babc3655c3e82416f47dc55457779948b85a8f697', '2016-08-02 11:16:27', 1, NULL, NULL),
(294, 'Novri Wellem Bara''a', 'novri', 'novriwbaraa11@gmail.com', '08164982116', 'Jl. Imam bonjol gg. Garuda 2 no. 477', 'da2d30e7afc1b6160ef1a302886a4e85', 'cffb475c2fec6172f5bca88109839bbdc1019b110a96da3ac8717f959ef6e1e6bf7b6fc6eb0a9cd67bce468fa641', '2016-08-02 13:09:22', 1, NULL, NULL),
(295, 'Anjas', 'api48', 'anjas_indirwan@yahoo.com', '081254721648', 'Jln. H rais arahman gg era baru dalam no 28b', 'd2531eb4cb9a36755cbc8c0482b4b7da', 'e545197f5ee8b2f9e3ee068bb2435dc9c614a260217a991f10251c5f4ab660dbad382f0ad607985559203b4db7c0', '2016-08-02 13:09:15', 1, NULL, NULL),
(296, 'raudah', 'raudah', 'raudah1964@gmail.com', '08125736471', 'jl.m.sohor gang surya kencana no.12 A  pontianak', 'ffaf2f161682b05033bb5e70815acb6d', '7ff48fe5285e2ec658b680bdba3f7ef6e385f3ecaf6bcd89d5584711f5f0b6fc9f77c36686d5db3bcefbbffbcdf7', '2016-08-02 13:09:10', 1, NULL, NULL),
(297, 'Qonita ', 'qonita31', 'qonitakahmania@yahoo.co.id', '08986423230', 'Jln.putricandramidi/podomoro,Gg sdn17\r\nRumah kost podomulyo ', '0d19c34d56cf8f69b37222f539642409', '30dbe38115c8a92e6062ad6fa504f6a20fab5a8ec65183a31429868e734521bbf273154812512d0d45a6c6b3b5f8', '2016-08-02 14:18:47', 1, NULL, NULL),
(298, 'icha', 'ichanisa', 'ichadharmayadi@gmail.com', '081250220707', 'Jalan tabrani ahmad komplek permata asri no. A 04 (tepi jalan) depan gg. Warna sari sebelab toko bangunan', 'cd0860358cc926cddc98ca6b1ad92052', '096dbe78c10a0b0c1a6a319ecda0208f7843a866645d6d7aa49ebaede7a5fd357f3fb173fed72873921a00c74ff2', '2016-08-02 19:34:13', 1, NULL, NULL),
(299, 'Irene Mamanua', 'irene92', 'irenemamanua@gmail.com', '+628562861238', 'Jalan Ampera, Komplek Permata Ampera Blok A 20 RT: 004 RW: 40, Kelurahan Sei. Jawi, Kecamatan Pontianak Kota 78113.', 'beb4bf78e64f8f2f31d1a83da597fa5e', '1f8e82bc10c50577dea789dc67d408400325b72e80f0bded2bcac24890645ec70c08c6be104ab348f9eac322dc46', '2016-08-03 12:30:49', 1, NULL, NULL),
(300, 'Renaldo Siahaya', 'renaldosiahaya', 'renaldosiahaya.rs@gmail.com', '082153860223', 'Jalan Dr.wahidin ,Gg. Sepakat 4A,Rumah Nomor 5', 'a1011cc61e042aaa442638f0b885dcb6', '5522daad57eaaac9ee7159503040c1f503d356a768decdc98f85efe928ee6b86fe0b2f347f2b578f85393228f29c', '2016-08-03 12:30:39', 1, NULL, NULL),
(301, 'Dhea amalia', 'dhea', 'dheaamalia1723@gmail.com', '089665935979', 'Jl.tanjung raya 2 (parit mayor) gg. H.A Kadir   komp. Villa Aspadz', '853d6d533a6496132d919bb5c38a6fd6', '9bd4d91edca1f1f0025f902dc87ba97985cce608fb3e94e0673fd757ebff1da233a9800961826c2827488ef66fd0', '2016-08-03 12:30:33', 1, NULL, NULL),
(302, 'Sigit', 'sigit', 'sigit.seni23@gmail.com', '085750630939', 'Jl petani komplek pondok hijau Artika blok mawar no4 Pontianak kota.', '961abbd3c7fc4d70471248eec4c6e68b', '93621882a1eb998f0b70cfa60156d507670ad928a6b010ebdd7e7527c965dfd1d612833782e9296e4f542411fa3a', '2016-08-03 13:45:26', 1, NULL, NULL),
(303, 'tia', 'agustianingsih', 'tia.agstngsh@gmail.com', '082255241142', 'Jl. Arteri supadio komp. Pawan permai mas 2 blok k no. 2', 'bc67ee3e76300d35e0128968df2bcca4', '9f62341937f746831d0849846494347d79540ccc02e3954f6c333467be4057eb71b7da48d98ed0dc76bf9825188a', '2016-08-03 15:53:08', 1, NULL, NULL),
(304, 'Wening Tresnaning Asih', 'weningta', 'weningta@gmail.com', '08111926924', 'Gedung Bank Indonesia\r\nJalan Jendral Ahmad Yani No. 2', '580b3fcab1f130711414913dd30bb1cf', '16d6dabac1c226e211e24c7a21d9c6742dd5c20774c08518550e8a4183f0c42bd5ff7b558d6a02dcc91108cc5987', '2016-08-03 15:53:02', 1, NULL, NULL),
(305, 'Evinsyah', 'evinsyah', 'nasution_evin@yahoo.com', '081318420066', 'Jln.P.H.Husin I Gg.Keluarga No.14 Kel.Bangka Belitung Laut, Kec.Pontianak Tenggara, Kota Pontianak.', '2aacba03c75720ae79569485553469fc', '3b97494a10292819cfe48c4b11f824cde04976746e7ae78943d7b660c284fd2886f3533e36b7ff0a98a1e1d326e4', '2016-08-03 15:52:56', 1, NULL, NULL),
(306, 'Wenny aldynarini', 'wenny', 'wenny.aldynarini@yahoo.com', '081328005311', 'Jl. A yani sepakat 2 no 8 wisma dempo kamar manglayang 106 pontianak', '2b857a180d5551f20adf7ffc1c33f674', '325d21282c2b078294dfb34395b2c1503365b1ec3f3ce45f85d8f9b4cff65c00e3277488ac4d0066999f2eac5c58', '2016-08-03 17:14:46', 1, NULL, NULL),
(307, 'DWI BAMBANG DESWANTORO', 'benkitko', 'benkitko@gmail.com', '085245301947', 'Jalan Prof M yamin gang PGA gang Kemuning Jalur 3 No 54', '0b8dbcb7e7e7742df925f7c3bc13f127', '8055cdb00998bb997fe8668325b9b7ca772ef97d420ae728a395fdc66ee941cbf4c03254b6f32536ca1ca0230e70', '2016-08-03 17:14:37', 1, NULL, NULL),
(308, 'Donny juniawan', 'dony', 'elepatis_white@yahoo.co.id', '089612339358', 'Jl.husein hamzah\r\nPal 4 No:101', '41032e396fff4179d6608cefa02bcde8', '2789b430d27f02e5777d445173a42170e025a0a73f324f71f5f4fca3b1806ab42f7d181310ff7fe7042849134833', '2016-08-03 20:10:56', 1, NULL, NULL),
(309, 'mayank sari', 'mayank', 'mayankmays@gmail.com', '082157280910', 'Jl.komyos sudarso komp.permai 1 (samping kantor pos)  gg.permai 2a no.e.18', '360a694c045cc8e5c6da12c49326aedf', 'f1d053a3611c1adaa5214b88c061ddbe2beb304a933faf28404cd54b0e7907c3741cd638a828da625a1f2769ec4c', '2016-08-03 20:10:50', 1, NULL, NULL),
(310, 'Try', 'tryn', 'try.nurbiyanto@gmail.com', '082153787441', 'Jl dr wahidin gg sepakat 9 no 25', '222c11086b39269c2b95709186cd1766', 'd680a128c1859d2e522d58605bb219abbaa1981510b0b295b06ddfb2eca3e229a6b4b9aa0fd1eed4321acb58547d', '2016-08-04 14:06:39', 1, NULL, NULL),
(311, 'Willy', 'willy', 'willylouw17@gmail.com', '08115691992', 'Jln.merdeka barat no.88a', '37ba4702d7e1f0438f3e2e3ce538352d', 'cc3a4f3dd9715d4e5e98bd0f0a97841da21330e126eccf1adf58a4fcc5ae747aaaf1e6b60685fc9fbce5bf023b2f', '2016-08-04 14:06:46', 1, NULL, NULL),
(312, 'Eka Susilawaty', 'eka910', 'eka_seven@yahoo.com', '08125712131', 'Jl. Danau Sentarum Gg.H.Nawawi No.10 Pontianak', '8060ec2b5e8de839b8cfb6c2138413e7', '6cfb57f379deb31854cd36e971b466d0761d2dcf3537af3a56440849def073f6f7af6527be1dd4aa2405badff702', '2016-08-04 14:07:01', 1, NULL, NULL),
(313, 'Muhammad Dwi Fitriyadi ', 'dwii', 'muhammddwif@gmail.com', '089650302228', 'Jl Sultan Hamid 2 Gg Jihad ', 'e172dd95f4feb21412a692e73929961e', '59dd5c5f5d9f3621b5f5cead7c1494fbc28eeda775ed5e905834213ea6fb2206518790aec371c1913e4d3cf228a9', '2016-08-04 14:09:12', 1, NULL, NULL),
(314, 'widya meilani ', 'shadza', 'meilaniwidyashadrina@gmail.com', '08125624294', 'Jl.H.Rais.A.Rahman Komplek Ilham Indah No.A4 Pontianak \r\n', 'a8898c591dc7957cde61005fad870d56', '5f76aae78fc7ad8f68afe428a128f8a31862148a15971476a919e6ad76e61957049bcdfaaf9f9db4eaa3885ca6a1', '2016-08-04 14:07:12', 1, NULL, NULL),
(315, 'angelina julinda', 'angel', 'angelinajulindaa@gmail.com', '0895336970394', 'jalan seiraya dalam komplek korpri', 'fa0cc7a30c43da9172355491c75ac86f', 'e6c58ee15d611d231ad65fe6c70617da8c69a864951603f29d5156d76bb2a5f9e556613a4567cf4d389a0f65f2df', '2016-08-04 14:09:18', 1, NULL, NULL),
(316, 'Azmii Habibi', 'azmii', 'muhammadpanduwiryanata14@gmail.com', '081350288692', 'Jl. Wonobaru \r\nKomplek Marina Garden No.14', '8b82dfdb4b4e1dd4db3f8ce45f12ef05', 'b0da44011a6386b3f3bdf50aaf4712dae70169d4e02ad8fb299954b0698febe04829617531fb0ff5e735fb0fff83', '2016-08-04 14:07:23', 1, NULL, NULL),
(317, 'Andri Setiawan', 'tanjungmayasoon', 'andri91setiawan@gmail.com', '085650873812', 'Jl. Pramuka komp. Qeysha Indah Permai No. D30', '9ed4eba5272afcf13fa828f7149578f2', '0649dcabb243ad0ac887c047cbfccae227cecae1adb85e253510a14f2c1cdd8ae2a1542cdb83c18da23393f7c3db', '2016-08-04 14:07:30', 1, NULL, NULL),
(318, 'Sugiarto', 'sugiarto99', 'sugiartose99@gmail.com', '08125314455', 'Jl. Sepakat 2, Ruko no. A4 samping Gg. Citra Mandiri, Pontianak Tenggara', '293270009a5f5166a3c133dc8bfcf5a4', '6106d5b19d0899ad8cedaf70dbb488593e2ac6454c13cbddfb1f685bad21b9afdeb0842a099f4e15e89cc380a26a', '2016-08-04 14:07:46', 1, NULL, NULL),
(319, 'Eka Hermita', 'eka88', 'ehermita@gmail.com', '082153618858', 'Jl. P Natakusuma Gg. Taman Siswa No 3A', '4672696f099282bcd27a5d1337ff171e', '5537238034984cb81d5d533393b02cb28854b85cb78929e8187e8e994cf0413a43a4c93d77c3e4ba7335ea6477a6', '2016-08-04 16:13:52', 1, NULL, NULL),
(320, 'Devika ', 'devikashelzaa18', 'devikaktp7@gmail.con', '085751577295', 'Jalan Ampera Komplek Graha Ampera Permai Nomor B 28', '87ba6290668528bd124f83bf7480485e', '02586fff1f2dafcd4cd9109adde3b6dc246940025d6682457fc6240abd418406bcb6854326ac277f7477c432818d', '2016-08-04 16:13:29', 1, NULL, NULL),
(321, 'dedy setiadi annur ', 'dedy', 'dedysetiadiannur@gmail.com', '082351040234', 'Jl.syafei no.8', '46dc7f3aac57039c25ddd4b6ffac5381', '25cada452a90d3678ee5b7416584961a23a8e9b4e3a8402d7f29d67c34519aa41cbd121b94329eb6fed08ba8e5f1', '2016-08-04 16:13:21', 1, NULL, NULL),
(322, 'Ryan Sukardi', 'ryansukardi', 'ryansukardi@gmail.com', '085750922360', 'Jalan Gajah Mada No. 28', 'e59738a41e9b8553ed29fffd93087761', '847af5a0c061f6b57f5fc6ec4b1a22a7772df57bc47e616954ba8e48d316c3360e0ce3f816ac19022122b00dc291', '2016-08-04 17:55:23', 1, NULL, NULL),
(323, 'Lia', 'liaherman', 'lia_quyax@yahoo.co.id', '081328217621', 'Jln.imam bonjol gg.h.ali no. 56\r\nPontianak\r\nKalimantan barat\r\n78124', '93e57550dce3ee387dbbd43205ea0a03', '281bbc6fee74399d596b1bcff4fd0d1474e3a4f22fc62679a76c09cb2d6d358af7200cf52a55b9d3b0530111a167', '2016-08-04 17:55:14', 1, NULL, NULL),
(324, 'ita', 'itawisnuwardani', 'iwisnuwardani@gmail.com', '081212666255', 'Paris2 griyacaraka No.A9', '743d320415e5fd468fe6ceade4de46ee', 'ce32861019edd968b9f2a694513035e7161c53175aa5d4ff27984e01b96cabd231941ea4c502befecc1911ca2fde', '2016-08-04 17:55:08', 1, NULL, NULL),
(325, 'Megawati', 'meggachen', '11megga@gmail.com', '082151411177', 'Jalan Komyos Sudarso Gang Jarak No. 68,Pontianak Barat', 'a775e21dd59ec7c592010dbb5a2d771e', 'bfa0fe57ca2c3735b7101973af60934ab161559ade055b8d25b88c59120a02a6cdfcf3b8b5b7d74561d59f4fffd6', '2016-08-04 19:05:05', 1, NULL, NULL),
(326, 'syarif mulyansyah', 'syarif92', 'mul_alkadri@yahoo.co.id', '085821969696', 'Jl imam bonjol gang bansir 2', '8311eb72d15e9fb309eae551e8452431', 'f00f0a235dc03e4f60893e5e8ea5ead2d9723dc92a754fddfad63ba7f6fad983b0e9d104ab4a0bad64fb18422c60', '2016-08-04 19:21:03', 1, NULL, NULL),
(327, 'Devika', 'devikaa', 'devikaktp7@gmail.com', '085751577295', 'Jalan Ampera Komplek Graha Ampera Permai Nomor B 28', '2a39e1c9c6672b4f2de08bc38773f5c9', '7f4ef4b48ff9834f03266ee11886cdc188fb697c5bf5f7c7713c05d8745665def2e489e61e2e5ebfa21701e29750', '2016-08-04 20:56:26', 1, NULL, NULL),
(328, 'Vidra Febrika', 'rika13', 'kiqka13vidra@gmail.com', '089693711223', 'Komplek untan jalan silat no.K.18', 'c88f7bf79374b60f57cefae4dd0ad372', 'ff74097d3115ad5816024d09866d870151c2e6a6df2c9c33fb81dc9de3b26d9cd71f675cd323f4bb07e4ceddabcd', '2016-08-05 09:19:40', 1, NULL, NULL),
(329, 'Kevin Mayer Siregar', 'kevinsiregar48', 'kevinsiregar55@gmail.com', '085393652273', 'Jalan Apel Gang Apel 6 (H.Haruna) No. 14 Sei Jawi Luar Pontianak Barat', '9e93df8ad7072ee5c008005e1cf5cf6b', 'af3a2c24e7124921becb5b0f79a22fa422ea8772a0a85a58f769dde5eccb97ca4bfa86e9430197515b01eea5778d', '2016-08-05 09:19:33', 1, NULL, NULL),
(330, 'Sity', 'sityhalid', 'asiti632@yahoo.com', '089691515416', 'Jalan arteri supadio parit haji muksin 2 komplek permata hijau no c 3 kuburaya ', '1f7c769205eb09a0842f384ad86a680f', '117f5e5aded358b742725a58f9153460ba58c0b59c5082c1531384631c2d6bec67a2b11ecf5b2b8cc1740e08cd90', '2016-08-05 09:19:26', 1, NULL, NULL),
(331, 'Febri Dwi', 'bundanyalya', 'febri.dwith@gmail.com', '08990718175', 'Jl Nirbaya gg Nirbaya 4 No10 Kotabaru Pontianak Selatan Kota Pontianak', 'dacb6631f205906a84fbc7d29be7755f', '9aa4edd747b2f9e1d639b7f71608cc1f8b3248ceb15beecf392b3e4e0d0e238e33ce488e5151dec8b10694e67d73', '2016-08-05 21:00:33', 1, NULL, NULL),
(332, 'indragunawan', 'indraaagun', 'indragunawan1406@yahoo.com', '08115661414', 'Jl.DR Sutomo Gg karya 2a no.2', '643ae2b352a4917874655aedec5f52e1', '9a0b07bfba45df5e36692986541f392f1b6c2faadf707abff92251c1eda6b6007297b98ed45474b211d6103c0d8d', '2016-08-05 21:00:40', 1, NULL, NULL),
(333, 'Anisa Mardiani', 'nisa', 'nisa.moslem91@gmail.com', '082242472485', 'Instalasi karantina tumbuhan\r\nJl. Parit bugis no.99\r\nKan. Kubu raya kec. Sungai raya', '2451f9116154d1f762afe8aae0f58f42', 'b1a054f8b4ddf99598bf5f7dffaeb55da76ad114b4b478f40b481598dd6736a9ae6fb7136368c201a4a1e1eaba10', '2016-08-06 07:55:59', 1, NULL, NULL),
(334, 'Anisa Mardiani', 'nisamardiani', 'nisa.moslem91@yahoo.com', '082242472485', 'Instalasi karantina tumbuhan\r\nJl. Parit bugis no. 99\r\nKab. Kubu Raya kec. Sungai Raya', '2451f9116154d1f762afe8aae0f58f42', 'a75bc3d0c71fd339a1302fdb0d99bb45e31671fabe541d73cdea374b0ef38f024b597299f71faa0669ba3da7da49', '2016-08-06 07:55:40', 1, NULL, NULL),
(335, 'Riski Adil', 'aidil', 'emailxaidil2@gmail.com', '081355104981', 'Jl. Lembah Murai No 5 \r\nPontianak', 'ac7444ec9fcf887957263be978553a52', 'e23885a0f5cb43501a3831f1eeae92b8469be8beee4bca9e9feb833c026739d96c4c12d3feafa8458df36e8a8430', '2016-08-06 07:55:50', 1, NULL, NULL),
(336, 'irwan', 'gibrand03', 'gibrand_vanhallrn@yahoo.com', '085215050840', 'Jl.martadinata', 'ac43724f16e9241d990427ab7c8f4228', 'efdc03a8fc3b71b9d2a867259a04bb60e35c25749a2e3d52d8212caf2743ced9bcc0ec81620cc31b675bdc4e9ad2', '2016-08-07 10:52:45', 1, NULL, NULL),
(337, 'Adam ', 'adam1897juve', 'topikbarusan@gmail.com', '08125759081', 'Suwignyo ', 'c199a52d7e9660ea997a826b362871dc', 'b862f1345222c693f92c45101ad6333cdffd0e897c76887a751544055eb29a6b45633b84c4ba88d6bc594f1b46e6', '2016-08-07 10:52:40', 1, NULL, NULL),
(338, 'Yeni nurhidayah', 'yeyen1306', 'yeni.nurhidayah@gmail.co.id', '085245144143', 'Jl. Budi utomo gg pendidikan no 12 pontiabak utara', '74229c45689d0f3d544765ffb5d3524b', 'c25d933c9f2ffeee30df14c345afa644d18515f756a7acd8b65d8a249cb5f2af96f134780a7bf0ebe328ab0dc8da', '2016-08-06 09:35:53', 1, NULL, NULL);
INSERT INTO `tbl_pelanggan` (`id_pelanggan`, `nama`, `username`, `email`, `telp`, `alamat`, `password`, `hash`, `created_at`, `is_verified`, `android_token`, `firebase_token`) VALUES
(339, 'Maya Hermalawati', 'maya123', 'mayaheralamsyah17@gmail.com', '081293446065', 'Jl Abdurahman Saleh Gang Cakra No.18', '4d593590511f60c1a028d565b4a93f21', '597cea4b33fb9760133819e729bb106f1bcba7ec14171704015abc6c5b8d9e0c03620bc6871e6f5afde4a056b8bd', '2016-08-06 15:18:48', 1, NULL, NULL),
(340, 'Anisa Mardiani', 'anisa', 'anisamardiani11@gmail.com', '082242472485', 'Instalasi karantina tumbuhan\r\nJl. Parit Bugis No.99\r\nKab. Kubu Raya Kec. Sungai Raya', '2451f9116154d1f762afe8aae0f58f42', '16fd7d7a89841ed7bcfe206b5ad9dacb19cae314522ed123f87e3bac281be774e0d313cb3b0ee51a77b2cc186b2c', '2016-08-06 15:18:42', 1, NULL, NULL),
(341, 'Khairuddin', 'khairuddin', 'di2ta@yahoo.com', '081256250250', 'Jl. Imam bonjol Gg. Kuantan no 3 Pontianak', '9d151781b26f9fbfd30826f7d7e5bfe0', '35c27d8046ef53bdf1c8f990bd8f8fef0a1e24d30406a5a648314a651cb5fe4215f30050548378afbd5a99b0c281', '2016-08-06 20:44:35', 1, NULL, NULL),
(342, 'Lunardi', 'moond', 'lunardi.ws@gmail.com', '085246691926', 'Jalan Purnama Gang Purnama Anggrek 1 No. E8 ', '1e8d7a0749167248b1df895f033eb295', '94413b858646f4119985a57eb6cc55a5ce7e41269ef6ae05bf31ed3adeb85aeea7272cdcc9e0a3d98457843b2e45', '2016-08-06 20:44:28', 1, NULL, NULL),
(343, 'Lunardi', 'moondd', 'lunardi.w.s@gmail.com', '085246691926', 'Jalan Purnama Gang Purnama Anggrek 1 No. E8', 'da2ea65138ba7cd64d55b3927087489a', '6d44bafa6aa873a6746901ab757d07c27c2d0c757e0a9adf14746be9625208ecf3476bc3fb8e2070f5f7e626dcdc', '2016-08-06 20:44:23', 1, NULL, NULL),
(344, 'Muhammad syabrani', 'echap', 'sayasyabrani@rocketmail.com', '081256002854', 'Jl.tabrani achmad komplek navigasi samping masjid nurul jannah no.3 \r\n', '45391e3bad049f07f04f02419c5e352f', '10662b0957e7451bcabdd620ced2b803485d39eaa5900680b30158bcad76521359f134fe53d64032a35610b7f17f', '2016-08-07 10:24:58', 1, NULL, NULL),
(345, 'Ferdie ', 'ferdie', 'nightmare8804@yahoo.co.id', '081290008757', 'Jl. Sungai Raya Dalam Perumaha. Taman Sungai Raya, Komplek Sungai Raya Dalam Asri Blok K No.3', '18948afaec8b50c144dbf227d33d1ac5', '69981edfe29d8b88c856b23d01cbc9f464a7a1baff578ac0a58c0fc0350857f3d3429941e5ab22d06a59aa80f337', '2016-08-07 16:55:41', 1, NULL, NULL),
(346, 'John ', 'jptjenderasa', 'jptjenderasa@gmail.com', '62811573818', 'Jln. Urai Bawadi Gg.Tria Satu 18\r\nPontianak-78116', '04534924b87ccff29ef67d3cb8ed1320', '05b8a7abdbbce129337410c82eac91957746f113c99fb342c463b3cf77e8f09f3b6a33d8f42c2774d02f9fdbcec0', '2016-08-07 16:55:12', 1, NULL, NULL),
(347, 'nita', 'nitajeruju30', 'gama.nita@yahoo.com', '089693342035', 'Jl. Komyos. Sudarso\r\nKomp. BTN Jeruju Permai No. E30\r\n', '0d424ce3eee8eccb0f38c9df6949f0aa', '96d6d6771571f04d5295e8053a93987cfc94d7c74ea69ffbd7222cc2451832e5d2c6f5242fd15d7b1e58d0c7f4a7', '2016-08-07 16:55:32', 1, NULL, NULL),
(348, 'Yulie', 'yuli', 'yuliptk3@gmail.com', '085100547679', 'Jl. Dr. Wahidin gang sepakat 6 komp. Mitra utama 6 No. A4 pontianak kota', '966557f07150738f32f0137895083c43', '4aa424b73f4fd762b775bc66b6514379ed0317c3dad8f810be05816095065f5719208ed33bf2f090191e7b0f016b', '2016-08-08 09:40:09', 1, NULL, NULL),
(349, 'Yulie', 'yulie2007', 'yulieparamita@ymail.com', '085100547679', 'JL. Dr. Wahidin gang sepakat 6 komp. Mitra utama 6 no. A4', '966557f07150738f32f0137895083c43', 'a68d460e539253b80c9009e7059d3b151c74a8f37e888dcd2fac762093d741882bc1ac58aa6b54c619800558a0a5', '2016-08-08 09:40:02', 1, NULL, NULL),
(350, 'gama ramadhan', 'gamarmdn', 'gamaa.ramadhan@gmail.com', '089616792120', 'jl karet komp. karet indah ab no b33', 'b79f296ad943ea92dac3d90f27528e80', '6d6bb5ed1d0acc4751e0fe803e44df019591b3cacf24b00f033469dfbed9f201eb4657552444be18df29c155d93b', '2016-08-08 09:39:34', 1, NULL, NULL),
(351, 'donny', 'donny', 'donnysatria280299@gmail.com', '089692001340', 'Perumnas 3 jln rasuna said Gg mabang 1 no 13', '77bde21a4f805bcd5eaac3e6e35e9730', '142221d8dd8090f89a1c2eb63b3a620f1839dfc4e408f2c63916d5ed23f39de2c00f485a9334aded4ebda76acd6c', '2016-08-08 09:39:04', 1, NULL, NULL),
(352, 'Gadis Meviarefiza', 'gadismvrfz', 'gadismeviarefiza@yahoo.com', '089647829586', 'Jalan H. Rais A. Rahman Gg. Tiong Kandang 3 no. 12 Sui jawi dalam', 'dee4ad225dccf0399371ebe2103078c9', 'b7d0c767646e47b4f6816298c117a55415c38dce6706bd981de0c46367b0897b591e20c127c56310d5d2cfbccc4e', '2016-08-08 09:38:33', 1, NULL, NULL),
(353, 'Utami Chyntya Pratiwi', 'utamichyntya', 'tamitiwi76@gmail.com', '085654115893', 'Jalan Ya''m Sabran Komplek Villa Ria Indah Blok K. 19 Tanjung Hulu', 'b46710d28662793c5d1a4c63c30a6f7a', 'a116ce3564217fe32b59eb8d9429be8494f173eb506723c3f9dc5ca21de8f712c5b16000579ee80e34a9ff643af2', '2016-08-08 11:19:24', 1, NULL, NULL),
(354, 'Dipa Patria Mahardhika', 'dipdip', 'dipa.patria@gmail.com', '081382214541', 'Jl. Teuku Umar No.2 pontianak ( kantor telkom ), Jl. Dr. Sutomo gg. Sarikaton no. 33 ( rumah )', '825b86c15b741492f755edf1fe6fc6ec', '67603d3d505442de0378441a19973b2bb8ac4ddebcea144c9a638b135ea128283f8ba43a41558b82802ab84b5748', '2016-08-08 11:19:01', 1, NULL, NULL),
(355, 'Dasriel Hafiz', 'dsrlhfz', 'dasrielhafiz@gmail.com', '081256672290', 'Jl. Prof. M. Yamin. Gg. Teluk Pakedai No. 43', '33f81deb7db932e644d2d2728719f0aa', 'b9a74f47c2deb0227d54a043cd28d08dd924c37616761269446241f8cc08d5f67ba8d41797a8af23d583264657fd', '2016-08-08 11:19:18', 1, NULL, NULL),
(356, 'Dewi Anggraini', 'dewi', 'anggraini0111@gmail.com', '08125691514', 'Jl. Putri Candramidi Gg. Catur Jaya No. 22', '6bba5e4f8bb4b473b17b4b52bb604a0d', 'a247fe6c77ea9e656ecca906da92d386db5bf587e97d3025eafce346a96c5a955c773cd319a74d840a12ada5edd1', '2016-08-08 12:59:14', 1, NULL, NULL),
(357, 'azham', 'azhamptk', 'azhamptk@gmail.com', '085245981368', 'jl.h.r.arahman gg.bersama 3 no.53/47', 'b332ea47bb6a346fdb8de7f3846d33b1', 'ee5385b138492f7f140bbc677be21c9e0503c08b1a7ef1f9b187e5c89d3b32e9e89415085d80d989592e6137aab6', '2016-08-08 14:44:21', 1, NULL, NULL),
(358, 'Evalia', 'evalia', 'urayeva73@gmail.com', '08115701011', 'jl. uray bawadi gg. budi setia no. 28', '8b62672545481f31529e3b1f90a9dc4f', '276f9f3256fd9bf0ee571cc5fcaffe07fd956996b5499b3e37c90cf0512a52b6275df3ae287c84c54dbd34907e56', '2016-08-08 15:06:21', 1, NULL, NULL),
(359, 'Defi', '10250817', 'helloimphie@gmail.com', '082199606138', 'Jl. Parit Haji Husin 2 komplek Acisa Asri No. 1E', '24dc97a0018aed0750d7164fec3daa39', '8e0c3b73c23ceb8781c7df543f51a58020cb80a8d7067c875d27b05d180b49ecf4a4114ff1bd81854ab2a0ac2a8f', '2016-08-08 18:12:12', 1, NULL, NULL),
(360, 'fahrevi', 'fahrevi', 'fahrevi.24@gmail.com', '085215050840', 'tes registrasi aplikasi dl ye (irwan bujangkurir)', 'ac43724f16e9241d990427ab7c8f4228', '467952410ffe8afbf20974d946fea539b69868bfb1eeea07302715dca1fbb90e4a9e747c6b016f0e5b2116eed5d1', '2016-08-08 21:37:44', 1, NULL, NULL),
(361, 'irwansyah1', 'irwansyah1', 'visitbandung.ind@gmail.com', '085215050840', 'tes registrasi aplikasi', 'ac43724f16e9241d990427ab7c8f4228', '00a134a7695f44c9d5c88e6f1a46d4eaf826e816216c0dffdbcbd654828575b4a73293d9cc6256224c3baf93bcd3', '2016-08-08 21:37:29', 1, NULL, NULL),
(362, 'Wendy Nugraha', 'breathjr', 'wendynugraha2@gmail.com', '08115745509', 'Jalan Abdurrahman Saleh Gg. Naisyah (Komp. Pemkot) No. 4 Pontianak', 'f3e8b533924c3f30dbe83dfc3d213d56', 'f0574f8afcc7eb2d39ba6d4b31ad25c5d7d71626bdc5f0eaf24bf51b1397768f5445eb1ea359cbd02ad6fd6afc6b', '2016-08-08 21:36:22', 1, NULL, NULL),
(363, 'Hammam nafis', 'nafis', 'hammamnafis12@gmail.com', '082253193227', 'jalan perdana\r\nbali agung3\r\nno b1', 'e2249ebf02bff298cd32e76b10b8d230', 'f67177196003573c4afa355ce6ad333fea2316cc4c7924c95add3c54a78c21c0277fc4d471fbf9b753d612ac0d0d', '2016-08-08 21:34:05', 1, NULL, NULL),
(364, 'hammam nafis', 'nafis9', 'nafis.hammam@yahoo.com', '082253193227', 'jalam perdana\r\nkomplek bali agung 3\r\nnomor b.1', 'e2249ebf02bff298cd32e76b10b8d230', 'c4a898eb8b0d70687ea5600ee2ae03117943fcca6e160cbb9837aa8757694679681cdc27d4a3294e3c072134f5b7', '2016-08-08 21:33:24', 1, NULL, NULL),
(365, 'Shanty', 'anty', 'tydyvydy69@gmail.com', '085252133841', 'Jl. parit H. Husein 2 Komp. Wanabhakti 2 no. 35', '94a76269a999badd000fb63b7ac5c101', 'f922635142c4a14040f7708cffe575892802c5130c37bc18b3cd7b138d6eafbbe27b35563ed0aef6e6e6af62dbc5', '2016-08-08 21:32:44', 1, NULL, NULL),
(366, 'Shandy', 'snd89', 'shandychristyansulu@gmail.com', '085313112007', 'Jl. Tanjung Raya II Gg. Bunga Tanjung No 46 Kel.Saigon Kec. Pontianak Timur Kota Pontianak', 'd3f7ec09fd00d0ff82d14e6d9393eab3', '16e50c22c0ce34f723613d8f4222dbee6a80df4f4d224911eb023391bcb070dbd10591e9b3ed9aaad95f4113a130', '2016-08-09 09:57:30', 1, NULL, NULL),
(367, 'reza', 'reza13', 'rz_lazovic@yahoo.com', '087842222747', 'purnama 2,parit demang', 'ebaecef4c8eea64bac5d17f97fa79cc2', 'c79ff05e9da20d62751294223dc9430ef4af4e9f94506556e22e5450543bdb45cdf622f4bee340a83f93999cc546', '2016-08-09 18:44:10', 1, NULL, NULL),
(368, 'Fhadilah zulhij', 'fhadil', 'zulhijfhadilah@gmail.com', '085787977786', 'Jl. Tanjung Pura Gg. Landak No. 35', '344b3b93f65871ae54782d6dc3f93c27', '3fefdd8895114084b1ba71e86da7e2a496cc5b33b3566139d68438ece0e546beda73642134cd82bb88338709d49d', '2016-08-09 18:43:41', 1, NULL, NULL),
(369, 'Lia', 'rzkidwiamalia', 'rizkidwiamaliaa@gmail.com', '08989841858', 'Jl. Dr. Wahidin s. Kompleks P.U jalur 1 nomor A7', '17f0678f80fba2bdb09428bc14aee9f7', '0f24a0e47e840f6a210e45b8adaf9d2c40ebab21603287dd06611e63cbd762e5a697f736ef0c034b8ae1a92c805e', '2016-08-09 18:40:17', 1, NULL, NULL),
(370, 'fauzan ', 'fauzan', 'fauzannurramadhan06@yahoo.co.id', '085787118500', 'JALAN NAWAWI HASAN 2 GG.MATAN 4 NO.139 (rumah paling depan pagar kayu rumah warna kuning)', '5f9f5527a129fb92edeb982d3be08e8f', '6ae4833a948e167ff9cdba741dc509cb6047c7247820f3114cc12da49bf06f34bd6d00bbe4102fe52d232f925144', '2016-08-09 18:39:39', 1, NULL, NULL),
(371, 'fauzan ', 'fauzannurramadhan', 'dhansemprot@gmail.com', '085787118500', 'Jalan nawawi hasan 2 gg. Matan 4 no 139', '5f9f5527a129fb92edeb982d3be08e8f', 'eb15753b8e3b755de464a663458af27d47c5a30db347dfb60ae0279439c6ed54b3a79606908f4b67ff63974b16c5', '2016-08-09 18:39:10', 1, NULL, NULL),
(372, 'Tika', 'tikaaifa', 'aifahafiza@gmail.com', '082148894804', 'Jln h.rais.a.rahman gg.harapan nomor 44', '04b4e3f135162ff281c4cf98cb5cdfce', 'd95683b61503fee29f6bb89f69b1eb06869050fea421e6502c874693ac58beb78ed2a575f97f0ccde852cb384a07', '2016-08-09 18:38:26', 1, NULL, NULL),
(373, 'aleh anugrah', 'aleh31', 'alehanugrah31@gmail.com', '081256389833', 'Jln ujung pandang no. 4a ', '14bd9924497c8ee79abca36a9c0d4cde', 'db52b2756dc0cb2da6062a6f45ff480ba943e83146a025adac679c7d39ce7ca793c7e0cabfbeabde1e6101704756', '2016-08-09 18:38:00', 1, NULL, NULL),
(374, 'Octo Rizka Larasati Resare ', 'titarizka', 'titarizka90@gmail.com', '085252086711', 'Jln adi sucipto komp BTN Teluk Mulus Blok E no 24', 'c31dce6ce8cb6b3a9cb1f182a403b902', 'f12092029164aa497c4f56cc8a0386f54b379fc58aba3303fb84274606c2eda7e2b6d5fbb0117d281350c193d6b8', '2016-08-09 18:36:01', 1, NULL, NULL),
(375, 'Kucing kurap', 'kurapan', 'cyholder2@gmail.com', '080989999', 'Gahsbbsjsjs', '4553f7b2039ab679af890143fa1f00ff', 'c861f9ccb9644de9ed477a394d09fbac326e65c64ed0e02a79f97ab0e6486001623e62e2bf4186b8bbffdd898c4b', '2016-08-10 09:49:53', 0, NULL, NULL),
(376, 'dedy', 'gregdc21', 'transformers8055@gmail.com', '085282045578', 'Komplek villa kencana B11.sungai raya dalam...', 'e0718df43f3b7de4ac31924d372bd9c6', 'ef385d4ace831b18b858ac581c76d759606f649a4a999e9e17ff53e81e837b5a2ee64a79b69e48c4ddb141202b0b', '2016-08-09 18:36:37', 1, NULL, NULL),
(377, 'Devio', 'devio', 'mommydevi89@gmail.com', '082251349961', 'Ayani 2 jl. Parit bugis komplek griya lestari no A28', '6e7650b19ca7f477f2401aa3ec4f11d6', 'e76782285a60b11ed7c3255e40a1e36090315f6fa76d85ea7eb0e67533a8d0b9ca23cba9db6998684b55da249a92', '2016-08-09 18:37:22', 1, NULL, NULL),
(378, 'Tasha', 'putritasha', 'faridahaji882@gmail.com', '082148894804', 'Jalan Haji Rais A.Rahman gang Harapan no.44 Sungai jawi dalam', '04b4e3f135162ff281c4cf98cb5cdfce', '568dcea6198b646332384e2f35d4099f08b46e076f22e6a49d49f7a73f39c60fb7722cd308d603929d981b9a4b58', '2016-08-09 19:33:49', 1, NULL, NULL),
(379, 'Aurelia Carissa', 'aureliacl', 'aureliacarissa14@yahoo.com', '082350682626', 'Jl.haji abbas 1 gg.kelantan 1 no 5A', 'f7ba40bcbb1e674ab45f875b3e659679', 'a75bef3a7d2474ca5b3a0d79199b67670c657a76b1bea7c8e33867c503cac94d89de0c637affcb447d2d47a8888e', '2016-08-09 19:33:38', 1, NULL, NULL),
(380, 'Aurelia', 'aureliac', 'aureliacarissa14@yahoo.co.id', '082350682626', 'Jl.haji abbas 1 gg.kelantan 1 no5A', 'f7ba40bcbb1e674ab45f875b3e659679', '716b5be256543d8fa3e0353f93c36e110fefb103bf93e2d489192cf4873951c5c8b8331b319f1381bc704c062838', '2016-08-09 19:33:24', 1, NULL, NULL),
(381, 'nuraeni', 'nuranoe', 'nuraeni3103@gmail.com', '085720275318', 'Jl. Pangeran Natakusuma\r\nGang airlangga No. 10. (Sebelah Kanan)', '394aaad69ee5aa351ccce762fdd1a7f6', 'ce3cc138d8346a977fc7779d2683282245c9db0fc17880f5f8a6b6d4f956dd71e3cbbe7585c2fea5260b4e79ac4c', '2016-08-09 19:57:10', 1, NULL, NULL),
(382, 'akhmad maulana', 'boms', 'bomsboms33@gmail.com', '081256433223', 'jalan a.yani komp palapa 3c no b 28', 'd7a79bcd4aaab9fe73ae99874b26f923', '40ba0aa492b899cc7e9422102e1178617041c24119336568187a0059d156cc833241cbe2f93f0e416b35fd70e47a', '2016-08-09 20:11:30', 1, NULL, NULL),
(383, 'Kristina kitty', 'kristibakitty', 'bellesword28@yahoo.com', '081290180124', 'Jl. Purnama 1 gg. Purnama jaya no. 38', '6cbca15ee96e3f7edd14ee50a5444ca2', '43f7e87b3a0d2e28aca9135508b586ba99c2705cd693f9d56a820990ee27abdedd74f71c8983d23eb36c3c9688dc', '2016-08-09 20:10:45', 1, NULL, NULL),
(384, 'Kristina kitty', 'kristinakitty10', 'chae.geong@yahoo.com', '081290180124', 'Jl. Purnama 1 gg. Purnama jaya no 38', '6cbca15ee96e3f7edd14ee50a5444ca2', 'ab8013950e94dcc08e68c983d329b063e1b61fcd400d4db64716d3b9c58373ff0bc73a1e825de462dd413c527097', '2016-08-09 20:17:24', 1, NULL, NULL),
(385, 'Kristina kitty', 'kristina2810', '2014342@smapetrus.net', '081290180124', 'Jl. Purnama 1 gg. Purnama jaya no.38', 'ab003765f3424bf8e2c8d1d69762d72c', 'f0c59f97314d6e8b9fb74887f24aae0aa7ef046dc60cb89d5668d50750bce590c096d2929a95fcc7c97daad07705', '2016-08-10 09:49:45', 1, NULL, NULL),
(386, 'Erzsa Maulidya Fathaya', 'erzsa', 'erzsa.emf@gmail.com', '089604017282', 'Jl. Adisucipto Jl. Nurul Huda No.19', 'b51de38dc66e203d0c6ed2cf15c8755a', 'e01c37ab85ecb28c3825a5a0857aa83b80375398809c56a77e705a4ab8529405af780a53eaff644141d904cae715', '2016-08-10 09:49:38', 1, NULL, NULL),
(387, 'Muhamad ilham rifai', 'ilhamrifai', 'milhamrifai@yahoo.co.id', '089604017282', 'Jl. Adisucipto Jl. Nurul Huda No.19', '05006e0e2a538765b7513cfac634151a', 'e426771b77750ab4cd1cb849f910fed8bb7061452f8d37c060ed9d1c570bc5c4c61614801c9b65a50b9de2a00a66', '2016-08-10 09:49:32', 1, NULL, NULL),
(388, 'andi', 'dika', 'andiyunusladika@gmail.com', '085280426719', 'Jl Gusti Hamzah No 9', 'a773a1b49713f4735223730994a93f8e', '113a3cb7756f747b42425622919017f736166904186245db7eea2800dc929c808ca5646f8679e75c3c2406717643', '2016-08-10 09:49:26', 1, NULL, NULL),
(389, 'agus', 'agusdarma', 'agusdarmaok@gmail.com', '085272542004', 'Pontianak', '838369bd7b612175aadf87d0c56336ee', '615d15997be9549c3ac9b2b4f543269c6ae633dcddd67b3a0ab25aab2c70f0d4db3187c97bde61288daaa7f09379', '2016-08-10 09:49:21', 1, NULL, NULL),
(390, 'Deziyanty Putri Muliani', 'zizi', 'ziemuliani@gmail.com', '08995118800', 'Jalan danau sentarum, suka mulia gang sukma 5 no 2', '001f3472a6c3662495d43e2638281d7d', 'b855ce8d216e36547694bf2c11344981821530e532b90ec8c20051b59416c4cf6cc782adc150a6d7b239a5fb17da', '2016-08-10 09:49:14', 1, NULL, NULL),
(391, 'Widya', 'widya', 'wprabandari@gmail.com', '085647276919', 'Adi sucipto', 'eb412907dbcfed8a86419f8f5e786ca0', 'c951ebbfa0801e83a85d559a06dcb9b618ac9afeb5016ed5c31fd681978a18aabb8de929769fdc91e8001ec33dd5', '2016-08-10 11:51:02', 1, NULL, NULL),
(392, 'yuni', 'yuni', 'unies98@gmail.com', '081345269890', 'Jl. Tebu komp. Tebu mandala c17', '96bea0a87d62851f786db6618e3d4510', '9ed4befcb19449042407fde165964a3381f6912b573b2255639651ece32f1f2fdb5f8432bbb487873f78217bb0f1', '2016-08-10 11:50:55', 1, NULL, NULL),
(393, 'Eka Rahmayani', 'ekahasan', 'e_rahmayani@ymail.com', '085751478881', 'Jl. Tanjung Raya II, gg. Kurnia Jaya no.17', 'cfb1af7540079a5ddd137d6f8866e2bb', '185e437bc64f5dd240af35c5920fde141b6eec0a1a1306567b77b90d981ef9d51852a8ba2b98933863027d28b00d', '2016-08-10 11:50:49', 1, NULL, NULL),
(394, 'MARIA ASTERYA', 'asteryarya', 'mariaaaterya03@gmail.com', '082250481768', 'JALAN PARIT MAKMUR NO.12 PONTIANAK UTARA', 'b297f1ada48d6b4c3700e8bff89e4d28', '17d77e7d52d9b322a7409f900e4b961a352f81752fe065d344ed21b79bcb2b282a566302d86c2f7663f52156c8b7', '2016-08-10 11:50:44', 1, NULL, NULL),
(395, 'Feliani', 'candycream', 'meltycandycream@gmail.com', '082199606138', 'Jl.Parit Haji Husin 2 Komplek Acisa Asri No. 1E', '2f0ea2d12de38f25996791ed3535b70e', '2d7dc6b743d02b09671397984b659a419a9a8d040de34643ea7f42c555db6519445fa89e5988fcf97bfa16e98aa0', '2016-08-10 14:16:35', 1, NULL, NULL),
(396, 'EKO PRASETYO', 'ekoprasetyo', 'prasetyoeko.9192@gmail.com', '085235629211', 'Jln Raya desa kapur', 'e81e9b9c58e1f4a4e1631aa0801735ae', 'ae2dc84796edf679b1c7cd9603fc03d1d4f947f52c116233ad1599cddca3277846b587ccca77efa50fd12ae7ab06', '2016-08-10 16:03:28', 1, NULL, NULL),
(397, 'Sasty', 'zastee', 'sastyoke@gmail.com', '087818120209', 'Jln tanjung harapan no.62\r\nKel. Bansir laut\r\nKec. Pontianak tenggara\r\nPontianak 78124', '4961d2f9ccd642aa36f10dc4b5fb0609', 'dae43535731fde8aeb24b15cf8c57878056c093ab1bd2174647b3f30bda51a4ef033026aeb58a325046649c5faf3', '2016-08-10 16:31:16', 1, NULL, NULL),
(398, 'Feli', '012582', 'milkycandy202@yahoo.co.jp', '082199606138', 'Jl.Parit Haji Husin 2 Komplek Acisa Asri No.1E', '2f0ea2d12de38f25996791ed3535b70e', '314ad7083ab9a6b9006cc5d10b46980ed0cf38664d5e2cfdd6bee6d62575c989d44b206ddd0521434206e8d60abe', '2016-08-10 19:57:50', 1, NULL, NULL),
(399, 'Evi', 'bungabulan', 'black.debula@gmail.com', '085252411234', 'Jl.karangan blok D no.10', '80aba45f5ed18e722990248fea972a7d', 'f2410235b42ff1c172fb7761e00c3b5c787f4f67849a329a48c4dda0bc66d644502f3aa983f9d2fe276a9fcfcae0', '2016-08-10 19:58:08', 1, NULL, NULL),
(400, 'Reski  Darmawan', 'reskidarmawan', 'reskigalaxy888@gmail.com', '085750962277', 'Jl. Panglima aim no 102, pontianak timur ', 'b1d67a34d8a84565d689793fdee02d66', '6e97a728c1cf1c7a3250e0e444f2332d42e2192edfa6fbd51a2ad9c4eddb8a4bf95f5c3ab64c43b4e54618188634', '2016-08-10 20:33:35', 1, NULL, NULL),
(401, 'Angga', 'angga', 'anggaanugrah47@gmail.com', '089529234819', 'Jln tebu gg Gandapura 2 no 18', '61e3870c149b1e280308c7699dda22d7', '79c6f1e100abda591edcea9170ec0eadd87c7e192aa91fc247cd9ee1cbec11d5ca0b730b0addbc6f1c0d6517561b', '2016-08-10 20:33:54', 1, NULL, NULL),
(402, 'Ganendra Adam', 'ganendra', 'gandungk@gmail.com', '081257517708', 'Jl.hm. suwignyo', 'bbe5f8bb50117e61142258f9dc7f1d73', '43dd2e5afb307efd08ab917d363ffe700359e60b3ddee50a98dab7006a46a9fbd1a6f9fa22ebc460b3375e1da68f', '2016-08-10 21:29:25', 1, NULL, NULL),
(403, 'Jon', 'banxjonz', 'djoenlie666@gmail.com', '082253110800', 'Jalan.d.i.panjaitan pontianak', '5f4dcc3b5aa765d61d8327deb882cf99', '430c8f67afc72561ccf838de186f8e5be6fb1304eb6e6bd303c4102ae2d95176047b46f54e6e5b812445fdfdda6b', '2016-08-10 21:29:13', 1, NULL, NULL),
(404, 'Nuris', 'nurishmey', 'nurishmey@gmail.com', '089636897693', 'JL. Danau Sentarum, JL.Sukamulia,\r\nGg.Sukma 21, No. 18A\r\nPontianak', 'bba3e39ba3a949b2941c067e3029f17a', '09aafadc0f2db5330d50225c9b15bce3309eb77302516bb29981a0c89e0e0216a5ee9ee09db7403adc5e07d37ef5', '2016-08-11 12:10:51', 1, NULL, NULL),
(405, 'Heri Gustiawan', 'heri43', 'herigustiawan43@gmail.com', '082250631103', 'Jl sepakat 8 jalur 4 no 7', 'edad740befc981ce68690bacaf921144', 'a8aa3e3f974e8a96c7651f914fe6b93e34287d6f2c54f4fef746e3899cd3156db9507b244dbc3471cafe9859b00f', '2016-08-11 12:11:00', 1, NULL, NULL),
(406, 'Ganendra adam', 'ganendraadam', 'gandungk@gmai.com', '081257517708', 'Jl.hm.suwignyo', 'bbe5f8bb50117e61142258f9dc7f1d73', 'ec5a9df554ea7278715bf825e69ff8a92da9739f448337c7ac5f582eb96af94c9820ebbc87aa8b51322893a81101', '2016-08-11 12:11:10', 1, NULL, NULL),
(407, 'Retno Pradinata', 'enno0103', 'retno.pradinata@yahoo.com', '085323238090', 'Perum 2 Jalan Atot Achmad No.176 Pontianak Barat Kota Pontianak', 'ae6b546897d9e87b16ee91252578a1c7', '48447f9ba1365496a69b43fef8a198629c6342f3f962c220d13736becd3e607c5ef625b3fc5e72e61858e0035388', '2016-08-11 12:10:38', 1, NULL, NULL),
(408, 'Martha Yuvita', 'marthavietha', 'mydie_182@yahoo.com', '082242441218', 'Jl. Sungai raya dalam Mitra Indah Utama III No. 10 (depan Sekolah Al-Madani) Bangka Belitung Darat, Pontianak Tenggara, Kalimantan Barat', 'bb11960b5da65737fefee3c67d9efefc', '363c6412fd72f2f800f14e6cdddde225d65cab1686451a2f7a0d09a40709090478dc21c58aff02b9b3ff559a4977', '2016-08-11 12:09:30', 1, NULL, NULL),
(409, 'novi', 'novie', 'novie.andriany26@gmail.com', '089693977728', 'Jl perdana komp perdana square blok c10', 'b6937dabc0eb3ee2e13ddd101752e2d0', 'bb3d97c718fabe16276a7afe7947be332a1c323d45dd8061849091085e9106e12140bf9098fc1a6e2c7a60ed8c17', '2016-08-11 12:10:28', 1, NULL, NULL),
(410, 'novi andriany', 'novie26', 'blahau_girls@yahoo.com', '089693977728', 'Jl perdana komp perdana square blok c10', 'b6937dabc0eb3ee2e13ddd101752e2d0', '9f4357b9c76bc8bbeff6278885212028a3c32bcf7bbba3c17f15429e54581e0cd20ec06e922e1e20411346b71929', '2016-08-11 13:11:15', 1, NULL, NULL),
(411, 'Candra', 'candraceleste', 'eason.rich.er@gmail.com', '081256898999', 'toko: jalan prof m yamin no.s3 {celeste cell} depan MTsN 2 pontianak kota baru samping rm uduk udik.\r\nrumah: jalan prof m yamin no.99 {bee bee mart} samping toko kaca harmoni n bank kalbar cabang kota baru', '16cd4feff24a9888396ce01ffd886e3c', '19dbab159ab5ca406e9f7e894f90d4be63b71ae18d6bd7f2d359fea900bc0d962626c64701a090dbdd0c7e043aa7', '2016-08-11 13:11:07', 1, NULL, NULL),
(412, 'Shella', 'shella', 'lim_shella@yahoo.com', '08994377075', 'Jl. Veteran no. 8\r\nToko master motor', 'a1fa59e79bba1a38bb0684d3298c9ddd', '6f54318e6e63a4e79a0ea9fb4c8e348d865a51c83c88c9f289aa55ad9312ec3a92a5fdc6ab8547c0dae06d555eaa', '2016-08-11 13:11:23', 1, NULL, NULL),
(413, 'Shelly', 'shellylie', 'shellyylie@yahoo.com', '08113308130', 'Jl. Panglima aim , kompleks permata seruni 2 no. 14', 'f6bc81b1fa9e98a5f645cf8e05202f6f', 'cf6322b6c6ce869b94d2b3718123909e658000a3687d4bacde8285175b7793d54a508a1844c271a80882f2051036', '2016-08-11 14:26:05', 1, NULL, NULL),
(414, 'Meiga', 'meiga28', 'meiga28mei@yahoo.co.id', '089693544788', 'Jl paris 2\r\nKomplek alex griya 2 no. B3\r\nPontianak\r\nKalbar', 'ed7d44018e5675a877b03049f87bddbb', '55c2c1b0e08de78623f8773344538447cf5b6782a9e8f704359f26a48d87574828759dadd5f5781d289378e8ff2a', '2016-08-11 14:26:13', 1, NULL, NULL),
(415, 'Adriyanto', 'adrian', 'adrianlim8899@yahoo.com', '082357381000', 'Jl.prof dr.hamka gg. Nilam 9. No.88', 'b1294e9c9fb69bf104b5c253aafb3cff', 'a19b3645070f635bcbf68de9e1c8a3462a4729f4b7bc77870137e44f4ae82c7c98b7a4ab7630767cc9782063fdde', '2016-08-11 18:08:28', 1, NULL, NULL),
(416, 'belanje dapok', 'yudibelanjedapok', 'nayra_wiandi@yahoo.com.au', '085245777887', 'Paris 2 komplek balimas 2 gg karya 6 no 8', 'fcea920f7412b5da7be0cf42b8c93759', '35b5ac05124b4b4b5029aacdf4e5b4a02b503d5514563059594b2533424546d9af0b50097294106e788ff3346a01', '2016-08-11 19:43:30', 1, NULL, NULL),
(417, 'alifia', 'alifiapra', 'alifiapra@gmail.com', '089650695016', 'JL. SUNGAI RAYA DALAM KOMP. PURI AKCAYA 1 NO. G9', '79672e479fc2fe12f79f44d48821fbb1', '29418951a6febe2c7af2b39e32ce1f31d4836cd36c638256a7688c358869cf504ea0d62826e95099302dec024e90', '2016-08-11 19:26:20', 1, NULL, NULL),
(418, 'Alvino', 'alvino', 'alvinoghaisan_irvan@yahoo.com', '081253538779', 'tabrani ahmad', '295eb5b0eb296de9bcb4ded7a2df7d36', '4c5b1699230eac11efd9562008911c837dcd0d050a45d2c50fade81c497b3f70798b533eef17520a88ae6161f665', '2016-08-11 19:26:51', 1, NULL, NULL),
(419, 'Refdi', 'refdirifan', 'refdi.rifan@yahoo.com', '082155656777', 'Jl. Tanjung Raya II. Gg. Abdurrahman, No. 1 (samping Polsek timur lama)', '505021cd3f46202505a0114c0d6cddb8', '6df380fcb8729ea43f71237d8375281188e1d95e843ff0d5d2aef52cda0487b85e6b6f6c47f1f59436be68e980fc', '2016-08-12 10:47:10', 1, NULL, NULL),
(420, 'vina eriyani', 'vina', 'vinaeriyani@yahoo.co.id', '085245787292', 'jl. husin hamzah komplek batara indah 3 no. D.8', '4b5521f3e8dd384f15471d069277d4db', '00bb1954f1d7edf9d1de0341166f744545b29af918d3a4a6901ad233ec003a099d25ff8cb56e7dd804cb32add33a', '2016-08-12 10:47:04', 1, NULL, NULL),
(421, 'Gandhiwiria', 'gandhi', 'gandhiwiria@gmail.com', '08993257856', 'Jlan karet', '5ba05213eb47e6680544c992418f2e09', 'd0b7d99b2ad54a95b9d5998892ed70e314a599c7fb379af10037ad42c45cb9fe8b688720100b0af0d0606da0274d', '2016-08-12 10:46:59', 1, NULL, NULL),
(422, 'Fitzas', 'fizas', 'fizas@gmail.com', '085245013535', 'Jl. PGA gg. Kemuning Jalur 1A No. 3 Kota Baru', '36bae3f9a0353c2a5d48364d2ab3fd01', '0bfd45813eaa85554499e05ebb4be558d6db950a9c5c13299190b2b871867d03beda7bf9ce685cfbe5ca61b4eb72', '2016-08-12 10:46:54', 1, NULL, NULL),
(423, 'dede', 'ddee', 'dedee2310@gmail.com', '082148510488', 'Kantor walikota', '3b456512b1468a405e4f6b5e6b1b6c1c', '26c55771f30ea0bd9a6165d5474911a6c3e235be9b31f7bd6a76c57f0791adef8a2823e1023982e74c15b94c89c5', '2016-08-12 10:46:49', 1, NULL, NULL),
(424, 'Roidhatul Qodariah', 'riia', 'rya.nduud@gmail.com', '089604567448', 'Jalan Danau Sentarum Gg.Damai', 'cad9505ebb03841f1082e8b9eafe8cfb', '5949f4dea0ab6184757400cfd9794cee897064bb9fb77395fa730ec3e69713d0ccba5428c79e1b2bab8ee029960b', '2016-08-12 10:46:41', 1, NULL, NULL),
(425, 'Dian Ardini', 'dianardini', 'dianardini20@gmail.com', '085716067606', 'Jl. Husein Hamzah Gg. Hasanah No. 12\r\nPontianak Barat', '01c0e0acedda98f513025652e389a37a', '15669393e842f02541099dcaeef462fd5e64f25b7295edad642af7a1440019b6324a5af79eb9dbc403511435ea66', '2016-08-12 10:46:36', 1, NULL, NULL),
(426, 'Alex', 'alex', 'alexsanderss@rocketmail.com', '08113308133', 'Jalan Panglima aim \r\nGang permata seruni 2 no 14', '188cc28abfa16b805c5e3e9c07523ec1', 'f92fa5c50a141176a4b3e6d3184c9ed40ea995e4dd130f48f3cbf85ca9dd6ce50e7777b7466524d086e5a51f9658', '2016-08-12 10:46:29', 1, NULL, NULL),
(427, 'Muhamad Farhaturlah', 'fatur', 'muhamadfatur69@gmai.com', '081250301544', 'Jln .Nyi Ageng Serang no.23', 'fcb54bb6916fd8c64fe5bddb17a02d93', '221faa85b54104807e18f499d9e8f0dd47a031eeb6af284adda17ad271f09a52e4970b179e5f21a1e80d4cbe9ebc', '2016-08-12 11:19:28', 1, NULL, NULL),
(428, 'Muhamad Farhaturlah', 'farhaturlah', 'muhammadfatur@gmail.com', '081250301544', 'Jln Nyi Ageng Serang no.23', 'e86ba6c02df77c87a66073c3eb39c7f5', 'e5732c6898e7c1a0cc969dc31ee1d0817bf47aa9f6a6d97197afcc0b96c3a9b8f5180a5594db1ea873a31d5249b2', '2016-08-12 11:19:19', 1, NULL, NULL),
(429, 'Anggaanugrah', 'anggaanugrah', 'angga47@gmail.com', '089529234819', 'Jln tebu', '61e3870c149b1e280308c7699dda22d7', 'f3e0745c8c6d5698f39f2c51b112a96bdd7d84a28ed7a331269da0a511a423a27cdd5c7a2f98de2dc026e4d9b061', '2016-08-12 11:19:06', 1, NULL, NULL),
(430, 'Bayu Anggara', 'baayu16', 'bayyu994@gmail.com', '089694104038', 'Jl. Husein hamzah komp. Gria jawi permai no. A 14', '6db181fea88ef1963cb7c71145db56b4', '2a4dcfa6c38c611dc24210d83296b2d445eb5f476a1202863d0a8b820313a32084be92faf45892ceda2ce7a40214', '2016-08-12 13:22:22', 1, NULL, NULL),
(431, 'Bayu anggara', 'bayuu16', 'melalinabayumega@gmail.com', '089694104038', 'Jl. Husein hamzah komp.  Gria jawi permai A. 14', 'a88c62a72b20c4851b436e7aceab3cdf', 'eda67117c05338e2db8e4ea0a328f1ddf5b9582c84d6612e58eb6d0f2493059afc12b1c85bfe536f413d9f5a817f', '2016-08-12 16:05:22', 1, NULL, NULL),
(432, 'Agus salim', 'agussalim', 'pemuda.askot@gmail.com', '082225222756', 'Jl. Tanjung hilir Gg. Askot no 21', 'fa0787a8c275ae80182544b878315b59', '9b7ccf4a1d6f8ffdef21e6bfca61c9bf28ffb25ee4f8bdb9947d9cb47eddfb30ebe96543e4bc4b69e87d3e20278b', '2016-08-12 16:05:16', 1, NULL, NULL),
(433, 'Ferdiansyah', 'ferdy', 'ferdysyah2101@gmail.com', '08565178421', 'Jalan purnama, komplek purnama agung 7 blok L-M gang purnama agung 7 dalam no.2', '2f5b641ba443245c858e2f8c823625db', 'f12e18789b359567ae3bdf195b9813c0a61fd58420a27df6482132aadb4fb4d00eb521733d5fc7fca66d554d4670', '2016-08-12 16:43:02', 1, NULL, NULL),
(434, 'Ferdyansyah', 'ferdi', 'ferdy@gmail.com', '08565178421', 'Jalan purnama, komplek Purnama agung 7 blok L-M gang Purnama agung 7 dalam no.2', '00fb098a6ec566e8a5f8dc2e657f7b92', 'dbffc2975e9b79442fa699903700d3788be0474fb7d07eb804f4584fa7bcd45db1ba374741ab00e569e490d2ebc3', '2016-08-12 16:43:12', 1, NULL, NULL),
(435, 'Siti Fathia', 'sitifathia', 'sitifathia15@gmail.com', '085752115018', 'Jl. Sungai Raya Dalam komp. Pondok Agung Utama No. F4', 'bf54015976ab312e09247df6d6914e9c', '2261520398a12b4e5e5af2e785f00c691c8756039185ad4be47710eac26d69e7a75fee4451249f3f3ad300e93f82', '2016-08-12 19:20:16', 1, NULL, NULL),
(436, 'Dian', 'kurnia', 'diankurniawati609@gmail.com', '082270450284', 'Jl.danau sentarum gg.wonosobo n.1c pontianak', 'e7396bd163674256d9317759514cb059', '5bbb0b2f03b9d769bef4a965d2c8401748f054171989b3bddc280b007efdb4930777f4cfd7bbedf5f56ac23a129a', '2016-08-13 09:19:20', 1, NULL, NULL),
(437, 'Ajuesh', 'ajuesh', 'ajuesh@yahoo.co.id', '085650806448', 'Jl. P. Natakusuma Gg. Rukun No. 33 Pontianak', 'db32c96760ab2885a065a112e43a594a', 'd4bfb7184461a44cea2fef79dbae6720baba3c6c409eb2011fc3dccd996f80730e06b5f6e45379a7fb6d615b064d', '2016-08-13 09:18:35', 1, NULL, NULL),
(438, 'rhyco rhyan ramadhan', 'rhyco', 'rhyco61@gmail.com', '085387710024', 'Jln.H.Rais.A.Rahman\r\nGg.Agung No.51', '4d593590511f60c1a028d565b4a93f21', 'b30b43905a24d207e9eb3b5986b9151c8d1b34a0153dbb274fca2f5f56e397902c63b854218a5c02c54b6f638ebf', '2016-08-13 09:18:04', 1, NULL, NULL),
(439, 'Wulan', 'valerioovellia', 'oelan_vinlan@yahoo.com', '085360111555', 'Jl.P.H husin 2 komp acisa permai no 2 B ', '36b3b9a72d8ab26737ead868f63c95bc', 'd54b47ada93330266739f63eb13562976a368309f75895f64ff3ec9286ac176929d275c7d1e883967494a591133d', '2016-08-13 09:17:19', 1, NULL, NULL),
(440, 'bunda', 'bunda', 'dwisafitriana@gmail.com', '081258312034', 'Jl. P. Natakusuma gg. Siliwangi no. 8', 'a0959bfbca98986ed519c769842f9bc9', '1281fdcd4d122f113e0345e6539e151f760e2d98a5173cfe86c93eb7bb36693393f6667182e71f17fb3f1e5edded', '2016-08-13 09:16:46', 1, NULL, NULL),
(441, 'Vini', 'lestari', 'vin_l10@yahoo.com', '0895600005831', 'Jln. Tanjung raya 1 , panglima a.rani No.25/16A , pontianak timur , kalbar', 'd4388c4d4b47c6655b16fe5b13184b32', 'c6e44a8037faf460963d48bf19ed3fa67ddd6515b382cf579539340969191f4af7985c535153866729c06b205abe', '2016-08-13 14:39:11', 1, NULL, NULL),
(442, 'Lestari', 'vini', 'lestari.vini10@gmail.com', '0895600005831', 'Jln. Tanjung raya 1 , panglima a.rani no.25/16a.\r\nPontianak timur, kalbar', 'd4388c4d4b47c6655b16fe5b13184b32', 'b7203a7f207a068e4ca84eb9f7c6b25c7525e8d911428b870efa7676168fc8825c2a842fa7acbcd92d945a66db5b', '2016-08-13 14:39:30', 1, NULL, NULL),
(443, 'muhammad windi', 'wdkq', 'www.windygenteng@gmail.com', '085654422000', 'Jl.tritura NO.34 samping Gg.H.Ashari. kelurahan tanjung hilir.pontianak timur', 'f0899d80dfdee0d2d35d534baadac48f', '52570a062ffb78d8d2d26b0300f6e799b29202d11a6c6c0d575e43489a2a03a4abddaa958bf05abbef2b8b407dff', '2016-08-13 14:39:57', 1, NULL, NULL),
(444, 'Oni', 'onimassimo', 'ron.becks@gmail.com', '082112499929', 'Jl. Parit H. Muksin 2 Komplek Villa Anugrah Permai No. D20', 'f936e6010fec57ff2f73e9e97cf98b55', '2bd72c8d10b3de824b8cebcf73733d240faf14db8cb850a069cd4d1b76b0368d913ec52b950dfc2fe57865e8801a', '2016-08-13 14:38:17', 1, NULL, NULL),
(445, 'muhammad windi', 'makmur', 'windygenteng@gmail.com', '089673541222', 'Jl.tritura NO.34 samping GG.H.Ashari RT/RW.001/002 kelurahan Tanjung hilir. Kec.pontianak timuur', '173aff76e21473a5aac95d56ac32d189', 'a58d2b9d7e9952f5a0ee3ea19fd132d67639631204ac150ae828d4548f796b607de5ced3f129c817168ba35fe4e9', '2016-08-13 14:31:52', 1, NULL, NULL),
(446, 'hermawan', 'psxy', 'prayogo1984@gmail.com', '085228888997', 'Jl.  Serdam komp. Gading lumiere a11', '7ab964d43562b82fdef1693e0267b3f9', '0d680e33671464cb79ee44f480408d689f012bf85290d5cf1e794fcdeb44c8fa2476684fd738354ff6ae2f40849d', '2016-08-13 14:30:11', 1, NULL, NULL),
(447, 'albert gunawan', 'albertgnwn', 'deztructionz@hotmail.com', '082123232389', 'Gardenia pontianak', 'd05d2a90cfadabb961bddfe3e5f7c5b8', 'c7e20ca19b8416244490c93029b4048efcc6da97068f86dc53ba7bf007696c3ad6592e5736b49cafe559fe464dc6', '2016-08-13 14:39:47', 1, NULL, NULL),
(448, 'Mery', 'merytrisula', 'mery_trisula@yahoo.com', '082123232389', 'Gardenia ', 'd05d2a90cfadabb961bddfe3e5f7c5b8', '35d85f19e6073dbd85d5df71a04c4fc1c336e759c67074a719bb7115501103d8019e1e080fca4c3e051db425cb04', '2016-08-13 14:28:36', 1, NULL, NULL),
(449, 'Nyemas Misna Ariyana ', 'nyemasmisna', 'nyemasmisna93@gmail.com', '085223201326', 'Jln. Ray ngabang -  pontianak \r\nKm 6 Ngabang ', '9261c52395cf4416cccede6e029f294c', '609b7a7af892068aa7b1314a70e40edad322531d3879adf72ce535575979c9fcc7175c70756f358dbce3849cdf6d', '2016-08-13 19:01:00', 1, NULL, NULL),
(450, 'I Wayan Yudha Umbara', 'wayanyudha04', 'wayanumbara82@gmail.com', '081256785087', 'Jl. Adisucipto km 13,1 gg. Tridharma no 7b (samping SDN 07) Arang Limbung', '14968ce7f2bca4c8254109f1663ea171', '2fcfd9ac1ec53ebe5b6768d5b6e464382887dcaa1aaa6a75aa0d017f52e745cd305a2926de672a4e5108ba3537fb', '2016-08-13 20:50:37', 1, NULL, NULL),
(451, 'Jovie', 'jovyliciouz', 'jovie.arkha@gmail.com', '081224997555', 'Komplek kost dempo, kamar B1\r\nJalan ayani, jl sepakat 2 no.09\r\nPontianak', '6917e0a1e105dafe358bf7e1af87a527', '69cff5adb9d8a48088177e911cd47078eb22b6bf0dc61cd99e2d93f6e437c17ed62ffc6bcbee6c6cdd31bee49746', '2016-08-13 22:56:27', 1, NULL, NULL),
(452, 'Dora', 'dodorara', 'doraohdora@gmail.com', '081232324040', 'Komp.dosen Untan jln.daya nasional gg.ketapang no.p12', 'a4faedcdd6a9eb95b4b673c5705869c2', 'ed1d0b8a73531054e89d770578efd12961b713a88be2af8b4b9737f830839c741861c2563e08f35b6e8140872ae7', '2016-08-14 09:27:10', 1, NULL, NULL),
(453, 'ita0105', 'ita0105', 'oktaviadewi1610@yahoo.co.id', '081322184255', 'jalan parit h husin dua gg tegal sari pontiabak', 'ead840d9a2f6d677edc19f66ecc7c6f7', '12243d18706a8861e8829afb3fea089905bcf80555d2af7a7d3c6a11e71d8af162b6eccc1b804dbfef043b5ac9e0', '2016-08-14 09:27:04', 1, NULL, NULL),
(454, 'NURFAZELA', 'zella', 'nrfazela@gmail.com', '08996929706', 'jl. adisucipto gg. siaga utama no.28s', 'e4d9a42e4c0b5996aa9ed54cea56dd43', 'a311cd4db554a5dd5e1fec534bf218c42cb0b8ee0892b0b9162893874b7984d84d7356d6d9dda55f1feb70790607', '2016-08-14 09:26:59', 1, NULL, NULL),
(455, 'Rafli', 'rafli', 'rafli.sdm2@gmail.com', '085247009956', 'Jl.purnama1 gang purnama agung 7 blok s-14', '57fc98859574b76689dd746d3da287f2', '412f8da7bcaa572872f8dc28deaee748ee928609965319e844d42d1cd41d0245719af667a88535bb00dae3cb5117', '2016-08-14 10:45:35', 1, NULL, NULL),
(456, 'Miftakhurohman', 'mifta', 'rohman_291@yahoo.com', '081318111291', 'Asrama Denkav, Jl. Adi Sucipto km.7 , Kartika 7, blok C nomor 3, Sungai Raya, Kuburaya', 'b91a18a68302051688a6db23d69b21b3', '68cf9c34762b5f3f51329830aa5f1caef91e526a6b72ad1ecd6d8d8ed72503f4b51750939e1160aa51ce6b05675e', '2016-08-14 10:45:25', 1, NULL, NULL),
(457, 'Nisya', 'fitri', 'ismiypout@gmail.com', '082155560344', 'Jl. P. Nata kusuma gg. Bambu no. 4c', '8d885e298f6924e5cc5511cd05343de5', '12fc55d2fda1f9c7e000716d6d924c2b43a8ee1cf246eff6a9bc9d76bc290fe18d9c76a59b3038b73f3c1e3c6218', '2016-08-14 13:15:56', 1, NULL, NULL),
(458, 'Aryun Rifqi', 'rifq10', 'aryoenrifq@gmail.com', '085743384006', 'Jalan pangeran natakusuma, Gang airlangga Nomor 11 RT 003 RW 043\r\nKEL SUNGAI BANGKONG KEC PONTIANAK KOTA', 'ece73fc19241887b23a6bccd2bda69ca', '0466ab4cca944387fd868b9c88231dad531d2be6cda8e423c18dbc1357c8bcd6bccf5841cfc158aeb70a5541fb5b', '2016-08-14 13:15:46', 1, NULL, NULL),
(459, 'Dian Kartika Sari', 'diansari88', 'deelizzie88@gmail.com', '089685307675', 'Jl. HRA Rahman Gg. Tenaga Baru No. 27, Pontianak Kota', 'f3a5030202d5accc0f011ca778f3c5f1', '6c221d33ae8bf1c9f790370ee93537dc59a4b07622530add3af22f994c467fdb4b727a76428ceb56c79b71602619', '2016-08-14 13:15:39', 1, NULL, NULL),
(460, 'Sandy christianto', 'narasa', 'sandyakhtar01@gmail.com', '082230718404', 'Jl.Johar no.78 Pontianak ( Kalbar )', '247fd024385652edf0eca383919445a4', '6fbe29fddd122f75f835260a45534ed164cf061528432b588aafec3c5cec442430f3caf5b75b66d9eaedaf0e4d26', '2016-08-14 14:48:52', 1, NULL, NULL),
(461, 'Novia sastaviana', 'narasa1', 'novia3@gmail.com', '081218472897', 'Jln.johar no.78 pontianak kalimantan-barat', '8220216af53e3f030416c040d19ab7ab', '1d5127eea02836a187eeb418dfb3eb2dee2643aa5f70caf584c6d6b3f8de1c40c93153c3fc3a0436394afbb83b4c', '2016-08-14 14:48:47', 1, NULL, NULL),
(462, 'Mario', 'mariogothedy', 'gothedymario@yahoo.co.id', '082353115561', 'Jln. Adi Sucipto km 10.6 wisma SBP', '0568b595af9056441ae004e0ea973beb', '988a9d584ae382777b27693f51bce6a3bbd680807522241b172ccc6ce787b5f8aba7540b300c0018d296d22c6b11', '2016-08-14 14:48:41', 1, NULL, NULL),
(463, 'Mario', 'mariogothedy1', 'gothedym@yahoo.com', '082353115561', 'Jln. Adi sucipto km10.6 wisma sbp', '0568b595af9056441ae004e0ea973beb', '2ccf5f151acfe4df167e4488d5e598417022789cd4cc971cddf853c5982ac3f2ce99b3c8ca57285d23f20c8dbb16', '2016-08-14 14:48:23', 1, NULL, NULL),
(464, 'Mario', 'marioogothedy', 'mariogothedy30@gmail.com', '082353115561', 'Jln adi sucipto km 10.6 wisma sbp', '0568b595af9056441ae004e0ea973beb', 'af18c17108d991a3d4d2338bcebaa3c1a3b65183cd566f3806500bbeddb8c4f018ecc89173f7f81bc115626735d0', '2016-08-14 14:48:18', 1, NULL, NULL),
(465, 'Citra purple', 'citra87', 'citrapurple87@gmail.com', '082351232425', 'Jl. Alianyang gg. Kencana dalam no 8 pontianak', '38ba8909463c4689075a28b2ccbed6f3', 'a9d4d3631a2dd311788505cffb8b362e2ac4a8ea58f1d34f3a6e21d8fcee62a42c2307f009e07dacd5244d856eb0', '2016-08-14 14:48:11', 1, NULL, NULL),
(466, 'Muhammad ananda pratama', 'nandapratama23', 'nanda.pratamamap@gmail.com', '085391244905', 'Jalan tabrani ahmad gang asri no.17', 'f30b840eacc925b75de628586b396eaa', 'b236e772b5f0ca9e9e8e14bd5ff5a54bd3ef967176c0eed339eacbde5e85940fcedc1845efb6ac2c6dfe093ee694', '2016-08-14 14:48:06', 1, NULL, NULL),
(467, 'Jessica Patricia', 'ecijess', 'ecijess@gmail.com', '089649190937', 'Jalan Parit H Husein 2 Komplek Pemda 1 Gg Karya 3 No.9', '28b742a4e68ec02ddff3194d848aea12', 'dba35629bbff84515e3a839cff4915c28d2ac622ff5761f88367f0ffc5d71837e0c11641a26cf6cb0eca4b283ac9', '2016-08-15 10:29:45', 1, NULL, NULL),
(468, 'Angeline', 'angelinee', 'angelinefrnc@gmail.com', '089651315732', '\r\n\r\nJalan Abdurrachman wahid no.46 toko keramat jaya ponsel kab. kubu raya', '5e4f8d9818d72c8e33bdd2b022f89904', 'bc4fca1e4d8a1eb60f728cb15c90021b445186815b8af768467a70186c2792f5a83b3b0153f1e9a67f86dcc5ebc3', '2016-08-15 10:33:13', 1, NULL, NULL),
(469, 'Asmita Sari', 'asmitasari', 'asmitasari19@gmail.com', '085375907227', 'Jl. Sungai Raya Dalam, gang raya VII (samping R.S.I.A Anugerah), no.F', '135215006a94491e611265ad8437be2e', '3706f538d9335d53b04c102403e20175f6bf23f6d15ab8a8251e6d0b64283818364be7e9fffb42d32d8090aa0d0a', '2016-08-15 10:32:16', 1, NULL, NULL),
(470, 'Devi', 'devichen7', 'moontreasure.vee@gmail.com', '082255752478', 'Jalan Sultan Abdurachman Gang Sukamulia No.02', '09d64aab3334e31b6727dee5b36b1d8c', '390bc7604174aaa368b1351f35f3aec5fef240c4f68c73cc6a9e289ae200677852faa3014ecdf492c1b54a9e66af', '2016-08-15 10:31:36', 1, NULL, NULL),
(471, 'Nurhadinata', 'nata', 'cakwetuancakuy@gmail.com', '08115737855', 'Jl. RE Martadinata Gg. Sederhana 1 No.1B, Pontianak', 'c62117a4dd4bec714a69ee79316cb00c', '21beb0b7d0fc421c0885440026741e03ee0a89c507af272fe60892ec35a82b73f2b58492953d56065e3f0f14642c', '2016-08-15 10:31:06', 1, NULL, NULL),
(472, 'Raidita S.', 'sushirai', 'raidita26@gmail.com', '085252602828', 'Jl. Husin Hamzah Komplek Batara Indah 2 Blok C-D no. D24', '1de50cdec17752e63daa2031917d148a', '04aafe3e8153a709c4969471ac6d86a320dc125bd010695c48da37c29f0d9f169df204eb526096164087c27d6b97', '2016-08-15 10:30:24', 1, NULL, NULL),
(473, 'Dhelya', 'dhelya', 'muchsanahdhelya120@gmail.com', '085262411987', 'Jl. Penjara', 'cd092bae8a913e8f5297cda237f9a5ae', 'bccd1b25c05d45fe984988aef72676e1d0aaab542ec29cf06c26ffbf9447dcdfa558e24650f44edab9cfd699a303', '2016-08-15 10:51:18', 1, NULL, NULL),
(474, 'arief maulana', 'arief', 'ariefmaulana2520@gmail.com', '089630669474', 'Ayani', 'c5323f0fd4f94956dd456ced3cb9bb6c', '7964f459cb0504a1bc39a3b4999849f815375f8d946fcdeaee8200e3c9a7e1e93aff70618e6eb3cc0683037aa20c', '2016-08-15 13:51:44', 1, NULL, NULL),
(475, 'gusti.m.ghazali', 'gustiali', 'gusti.m.ghazali@gmail.com', '081256620800', 'Jl.HRA RAHMAN GG. Gunung Gede no. 55', '383f10e9af34e58965856d08ea6ac455', '303ae82486570d1503288db04fb89ee5de8e6c8a89d17fe99981e846db1ccaaea49e931820beecf5bbf3c597642e', '2016-08-15 13:50:19', 1, NULL, NULL),
(476, 'Nur fitri', 'itynur', 'nurfitri19890430@gmail.com', '081352222089', 'Jalan imam bonjol. Gang haji mursyid dalam no 55b', 'daba917fb4bd9d4fda2211985faecf42', '1e1f51aea577297366482308b2ab0857758ed4c6ea13eeaee8ef4b1fc6f2e339f8d68bd19913778dd525b14d2e0f', '2016-08-15 13:49:45', 1, NULL, NULL),
(477, 'sani munandar', 'sani16', 'sanimunandar@gmail.com', '085245533345', 'Jalan komyos sudarso gg tengkawang no 16', '72aac0063f34db812db1366ed995051e', 'ec2da895f1adecd3aed9a52c5c3b6a846255014e4f68c8da58d1c798da16977811bbbfc977629a6538fb9c2b374a', '2016-08-15 13:49:13', 1, NULL, NULL),
(478, 'Reni', 'renya', 'renikenzo84@gmail.com', '082154723544', 'Jl. Ahmad subarkah. Gg. Ahmad subarkah ', '73fdeaa087b92b90d6baae64df5f4a38', 'd04da462d71f96b949ea57556e27d75806ba1c2291579a0e00e9e1c7ec0dcb3cf650461f6b3dbb647ddc8458356e', '2016-08-15 17:21:15', 1, NULL, NULL),
(479, 'Jovie', 'jovie', 'sepatumurmer24@gmail.com', '08995247555', 'Jl. Sepakat 2 no.09, komplek kost dempo, pontianak', '6917e0a1e105dafe358bf7e1af87a527', 'aa29fd2b5f09a1ba25c26637b7d9028d8979ce24f6cbd626af0ae1a858b77b30c25b231cad6f3feea49a6295816c', '2016-08-15 22:44:57', 1, NULL, NULL),
(480, 'Irwan', 'irwan28', 'iban99.iw@gmail.com', '089677487699', 'Jln. Karet komp. Karet alam indah b.11A\r\nJembatan pertama sebelah kanan dari arah jeruju. Rumah warna biru laut.', 'b6d4ef4676936a7beb373de94b24019d', '1e9379c0cb0762c90ec78f00aeb4ab94f30a4e4d3067cb7315720864607a31bb734145095291aa7329eb8f7a77f7', '2016-08-16 08:58:39', 1, NULL, NULL),
(481, 'naya', 'naya', 'syahminasabhinaya@yahoo.com', '081294438165', 'Asrama polisi honggo pranoto\r\nJalan brata 3 no. i 7 ', 'f462f92ccde08dba44bad9d92e468879', '7982ab3ef0dbfd61b9241215de8ceeda56d5f1bdccb83b8d7169b44f839631b89f80b8f3b2ec97fb0037c0c99bf6', '2016-08-16 08:58:04', 1, NULL, NULL),
(482, 'Ria hakista risya', 'ddrisya', 'riahakistarisya@yahoo.com', '+6289681594847', 'Jl. Prof M. Yamin gg. Kencana no 34', 'f3ee6b9029ae2404364e711089f620fe', 'b4d2bff2848a73a2feb677823d4af3ffdf4e71584432f675aac26cca13558f060f2b1d805956b239094814ef19b3', '2016-08-16 12:40:07', 1, NULL, NULL),
(483, 'Miftahul Jannah', 'itah', 'miftahuljannah2526@gmail.com', '089695892939', 'Jln. Dr. Wahidin Komplek Sepakat Asri No. A6', '657a51bcfbc595af2213293dabd99355', '48d34c006d7817b1f184d0a345c1cb4947e105c34da4b469efc635315c9c591c9fcef9d3c3895e31361d184ac891', '2016-08-16 12:39:28', 1, NULL, NULL),
(484, 'wahyuni', '10816', 'yuni.ar30@yahoo.co.id', '082351567892', 'Jl selat panjang no 70', '16a44bba61d179d206e451fee03db75b', 'be42f163fd08e5a2c3cf34f5f75e8aeb1b7194a314a78b0fc2bec03edd2d6af290981f8172b8e74685952dbfb95f', '2016-08-16 17:14:37', 1, NULL, NULL),
(485, 'angeline', 'angelineee', 'angelinedl24@gmail.com', '089651315732', 'jalan abdurrahman wahid no.46 toko keramat jaya ponsel kubu raya', 'f5147883a7ef7192d643c9bb0c02efa2', '0fde671442f119e83a2f32d5af01b0be8fcb1c2447f12ef06b2662807f70267d19e1c755bf61852339b90e8f20f4', '2016-08-16 21:28:58', 1, NULL, NULL),
(486, 'Yohanes Erik Honeker', 'erik', 'merrydhany08@gmail.com', '081345414618', 'Jl.Kom Yos Sudarso Gg.Mempelam No 29 (Pontianak Barat)', '6badfc37f934f3c74247fb2269f81ed7', 'bbf3bcfbfb71f51597fe0d72183f7161a7eb62a9e1445b189adeb97d31e0e58a1dfb971e9fe6dd544962eb9e57fa', '2016-08-16 21:28:52', 1, NULL, NULL),
(487, 'adhitya yuma', 'yuma', 'adhityayuma18@gmail.com', '08164991916', 'jl.tabrani ahmad komplek geraha bumi katulistiwa 3 blok f no 6', '08722c7d4abc25bb9b707e7bee935bad', 'cf23d9feac5ed224b80facb9b8500249e07ddea29b74b7cda8c3af810fa41815177f442ba2bd358380d3a7ea2dc5', '2016-08-16 21:27:49', 1, NULL, NULL),
(488, 'Elvina ch', 'vina91', 'elvinacokrohandoko@gmail.com', '085654466559', 'Jl. Bhayangkara gg. Barata', 'de391a57a8c6e58054d3d9cc0db3d321', 'c77aa79100aeb12d4f3ea78d9fc7b72da2891cb7e448e3dbef9e23321dbf0d2ee4283b5d96b9591aadfd998fb9f5', '2016-08-16 21:27:41', 1, NULL, NULL),
(489, 'Fanny', 'msstefanny', 'sheiracandra112233@gmail.com', '081253998685', 'Jln. Gusti sulung lelanang gg damai no 14a', '1283dc84158faf573b833cad38c7beba', 'fd7ee2099b086c2c5dfa8a449ec5fd1d43952ae50b7d96ee4fc4048b72e27cf2e7765ac9bf52de3b9d5f7987726a', '2016-08-16 21:27:36', 1, NULL, NULL),
(490, 'Sheira', 'mssheira', 'sheiracandra99@gmail.com', '081253998685', 'Jln.gusti sulung lelanang gg damain no 14 a', '1283dc84158faf573b833cad38c7beba', '8c25bcc306946ac69a48700c81c4bc79ae4e24929a2222cf0bb79cabeb7bef513b5e027e11498f1662c48088ca77', '2016-08-16 21:27:28', 1, NULL, NULL),
(491, 'Tiqa', 'tiqaamanda', 'tiqaamanda@gmail.com', '081251263842', 'Jalan dr.wahidin komplek batara indah 1 no 20 D', '49cb99474a5cd7cb09a5090520db98f0', 'f57f5e6ae1260aab8cb17b5032d3ceea491969de31a190ae5427c3ef9b2391efb53914624f866b5d60c626997f5c', '2016-08-16 21:27:22', 1, NULL, NULL),
(492, 'Lucy', 'lucy', 'greatusana@yahoo.com', '08115698899', 'jl parit haji husin 2 komp.villa paris no.d9 pontianak', 'bc68ad75272870c594f55d61e9e5ba23', '0f4a9284f59d4f5e1564e95a88cb8cf5dc0bdd2bf89424d17af21b467d4d814dfa85ecd590e5908c615471c4887c', '2016-08-16 21:27:12', 1, NULL, NULL),
(493, 'Yudianto', 'yudianto', 'computerevolution@ymail.com', '08115678902', 'Jalan nusa indah baru no.18', '28d339c2634940c0d59306557868f90a', 'c476166a02ae109788a3df460b44f0567b27b31b96ef8bb9956bff32ce41433badab0cbf53625111b33aa860a790', '2016-08-18 09:22:01', 1, NULL, NULL),
(494, 'rizkyputranto', 'rizkyputranto', 'kalar.kalahari@gmail.com', '089519396962', 'Jl. Apel Gg. Jambu Mente No  24A (Ruko Askrindo) Pontianak', '1fdfc962ae3e46019d335bd7a0cd20b7', '72680f7f86cfd2c0efdc876780798ec6149d4af1f087fbaf9efca834cb8cdfe1868e7f459ec1d30e9b76f26e0a17', '2016-08-18 09:21:56', 1, NULL, NULL),
(495, 'Kevin', 'limawan', 'kevin_limawan@yahoo.com', '082255124212', 'Jl. Setia Budi No.95B', '25f9e794323b453885f5181f1b624d0b', '504501c31f5a72e791781c380973e231bfa80d1c3a3140fa1b5b58818063940933856b7f124f9d144703ef5adbc7', '2016-08-18 09:21:51', 1, NULL, NULL),
(496, 'Gunawan ', 'gunawan', 'gunawan_jo@yahoo.com', '0811567895', 'Jalan Fatimah no 4\r\nPontianak', 'b6be694420725dc344ba1e6fc25f13f8', '7cf1c06c2ab60d8f47fd2c11d6523620d198a621e9ac7d3be4d6478ebde299e12518748cbe0e8b6894ee63ff61e3', '2016-08-18 09:20:51', 1, NULL, NULL),
(497, 'Devita', 'devitatan26', 'devitatan26@gmail.com', '082250147755', 'Sei raya dalam gg.ceria VIII no. A21', '5924c49e2580c03b5a7debf47e39755a', '8caa1458bb8e7ce4a306adcb40f765f05a1b9c3b5167051c31ff63111e886f27917872577807a7c49a9912b9a108', '2016-08-18 09:20:22', 1, NULL, NULL),
(498, 'suriyana', 'suriyana', 'pontiponto@gmail.com', '081345728886', 'Jl pramuka tk lucky spesialis service seblm sampai indomaret', '9e21e07515899c011b6d81681125aa30', '14060a3df796a3d10c46ac70c92a75bae0e879b0bfe72780fef390661b126ca1e3157ec3c19c289301abdd91e0da', '2016-08-18 14:12:06', 1, NULL, NULL),
(499, 'Fitrifernando', 'fitrifernando', 'fitrifernando22@yahoo.com', '085245134221', 'Jln. Re martadinata komplek BI / gg. Gunung karang no A2 ', '8918ddc9ba224b892a240022ff930e3a', '57b3b7a5d9318dd28df939c7ad821aecc343085c7c4495293fac83cae645cd44bd82febecf34f717a8613f24f49b', '2016-08-18 14:12:00', 1, NULL, NULL),
(500, 'SETIADI WIJAYA', 'yadiwijaya', 'diamadalahemas@yahoo.co.id', '085247245695', 'Jl.H.R.A. Rahman Gg. Keluarga No.7', '0be4d2dddce36276bbb4b640f3308b83', 'a398a360a7896d166022e999a19cc2b4e509a090288cb104c22e5eb7e2465852dac8387275c8f9baa1dc52705b6f', '2016-08-18 20:50:51', 1, NULL, NULL),
(501, 'setiadi wijaya', 'adiwijaya', 'wijaya1989setiadi@gmail.com', '085247245695', 'Jl.h.r.a.rahman gg. Keluarga no.7', '0be4d2dddce36276bbb4b640f3308b83', 'a1a5c2ea2366ecb1a642c790ae9d923c5e6b12358ecce1bb638695df007170d6bdfcd78644764ee4995799c215e2', '2016-08-18 20:50:13', 1, NULL, NULL),
(502, 'Arya Fatan Dio', '233299', 'masaryafatan@gmail.com', '08988282009', 'Tanjung hulu, Jln Tekam, Komp The Green Park, blok I/2', '68cd909e48b3486145e899cdc4bee6ac', 'b2dc3e72b57baea22dcbecd39d86fd9175bfee8e3c972be65a32d6fd1f271c310d2f908350db6faa19132068ffd3', '2016-08-18 20:40:38', 1, NULL, NULL),
(503, 'Arya Fatan Dio', '112233', 'masaryafatan29@gmail.com', '08988282009', 'Tanjung hulu, jln Tekam, komp The Green Park, blok I/2', '68cd909e48b3486145e899cdc4bee6ac', 'a8e11fdf499bc666bfb1ee70b2274aa7a4e1b8cff44a873896680608a4f02c9708535224aed673c2bb843632b391', '2016-08-18 20:40:01', 1, NULL, NULL),
(504, 'Niluh mandasari', 'niluhmandasari', 'niluh_vin@yahoo.com', '085245811061', 'Jl.adisucipto komp.pergudangan pelita no.A2', '23146633661ff809cf2dcefbf4875448', 'a2890ed8fc11f4eadec61e447be2dd1ce8ed1974dfa96e2b10f7e47fa84338bac554d24fc42c14c600519966c4bf', '2016-08-18 20:39:33', 1, NULL, NULL),
(505, 'Rosaline bhedsy jessica', 'rossabhedsy', 'disparekrafprov.kalbar@yahoo.com', '085252923646', 'Jl. Benuang IV no. 148 perumnas III Tanjung hulu', 'fd636389ee116d6513dd9ddd5613f0ad', '957b8371fb8b40df04866d14b2146451bff56ae86e50c7133e094add5ea9efc6f5302376034ac9f6080f18cce1a9', '2016-08-18 20:31:28', 1, NULL, NULL),
(506, 'Dewi Sartika', 'weyheyimdewi', 'dewi.tomlinson@yahoo.com', '082153622831', 'Jln. Komyos Sudarso\r\nGg. Alpokat Permai no.56\r\n(sebelum Kantor Pos Jeruju)', '9ed329cced43732e2f96a63a8188ba25', '9606f3870773b7b865ebac9ea2bb6cbac666087a0e56f2f609c50028da9e3e4ca77530506b7d7cf1df74e549591c', '2016-08-18 20:30:50', 1, NULL, NULL),
(507, 'Imelda', 'imeldaravaie', 'imeldaravaie@yahoo.co.id', '081345484858', 'Jl. Dr. Wahidin\r\nKomplek Batara Indah 1 blok EE.19', 'aeae8585ea11f7272923258ea1e621cf', '3a84a0bf816fffb12aaf2eb44a1e4a11df161bd829cc1a97291b560aafa295f84ebba1cb6d0b92fafbbb91a28104', '2016-08-18 20:30:17', 1, NULL, NULL);
INSERT INTO `tbl_pelanggan` (`id_pelanggan`, `nama`, `username`, `email`, `telp`, `alamat`, `password`, `hash`, `created_at`, `is_verified`, `android_token`, `firebase_token`) VALUES
(508, 'LEONARDO', 'leonardo', 'leo_kidz66@yahoo.co.id', '08115622889', 'Jl.panglima aim', 'd769de0aea05d4862c11b38ac2fc6a38', 'd72a2a5599a9a7183a066dfa4cec768cf2edcffbd16ad070e096b0a1df0454799a13819b454ef9de2c177b07d1ae', '2016-08-19 09:50:54', 1, NULL, NULL),
(509, 'Vallen', 'vallen', 'angel.falencia@yahoo.com', '082112283848', 'Jl.28 oktober gg.nasioanal 1.no 98', 'cb2f308fdbd01c0a951a2ed3e86c8f2a', '03e4444960a9c7f53ae4e769eefdaaab0835274110526e2791f7757954242a406614bc54bd5847c88421d2b6bd73', '2016-08-19 09:50:43', 1, NULL, NULL),
(510, 'Reza Zelvia Rahmi', 'ecaaezaa', 'misschocolacinno@gmail.com', '087818366355', 'Jalan Nirbaya Gang Nirbaya 2\r\nNomor 14\r\nKotabaru', 'd9dc783b17db885b910f1d301e193bb8', '29acb991160871a0cd4fedea520b642bc8042196b4c1838d452e50067f79959440d32cf6837ad9145f61cae636a3', '2016-08-19 16:18:04', 1, NULL, NULL),
(511, 'Frasetya', 'fras', 'nakulasadewa082@gmail.com', '082168516775', 'Jl. Tanjung raya 2. Komplek cendana petmai blok D7', 'cecf4f153579fb244b1099453478d181', '334e1b4267d4e09c43fa7132884fa6d8a40ebf2b2a479893f22830d3f4b4cac7cf33225ab68df4effa362c9a7cd0', '2016-08-19 16:15:32', 1, NULL, NULL),
(512, 'Muhammad Razib', 'esa05', 'razib_esa05@yahoo.co.id', '08115708743', 'jl. padat karya gg. karya kita 2', '5dc0713467d8a19d8fa4958562a1b5b2', '568f6aed7350dbf548b99abdb011a20177867eeb23f9a8763b8b846ae3ad72de39bb76ac5c2a8e51ddad978d39e2', '2016-08-19 16:31:06', 1, NULL, NULL),
(513, 'vida', 'popo', 'nurulevida.ne123@gmail.com', '089601115777', 'Jln adisucipto gg.gertak kuning laut no2.\r\nsupadio kalbar pontianak', 'e807f1fcf82d132f9bb018ca6738a19f', '9cb9ef1153eaaa5088cde30d8cba469e8e5dd7501df73064ff7fabf12731909f4ee05f4287c28f788a0694e3d6f4', '2016-08-19 19:35:56', 1, NULL, NULL),
(514, 'devy permata sari', 'devypermataa', 'devypermataa@gmail.com', '085750041802', 'jl. husein hamzah no. 104 (di depan gg. warna sari) kel. pallima, kec. pontianak barat kota pontianak.', 'cd5fd8b76cde98c4573e42dc3d2aa378', 'a5e7138d62511584f607e79a32ffce357cba40c729ef18c577854add7c45957e068ffcab34c06ae6ca9dfd95adb8', '2016-08-19 22:44:08', 1, NULL, NULL),
(515, 'Leonardo', 'leonardoleo', 'leonardoleoz1997@gmail.com', '08115622889', 'Jl.panglima ain', '9977d682f9fab0ce1d3e50ca037b64ea', 'd2c95015f808c309f5779b09f297ad6622ed8b8fb203c4e73dabf06fc44ef12989b519e3842d41b62e9079c8d70b', '2016-08-20 10:46:04', 1, NULL, NULL),
(516, 'Yunus Alexander', 'alex7x', 'ysbaitanu@gmail.com', '085750529969', 'Jl. Purnama Purnama jaya no. 46', 'dea56e47f1c62c30b83b70eb281a6c39', '482a99374a83a877a7c54c4eb20ab8d98a934232e31e9bbc1223e9cccba390238adbed00092214bb2cb536aa836c', '2016-08-20 12:26:42', 1, NULL, NULL),
(517, 'TerminalResto', 'terminalresto', 'cheriseclarabelle@gmail.com', '0561581897', 'Gusti Hamzah no 10C. (200meter dari perempatan Sungai Jawi , deretan ruko sebelah Kiri)', '0dd402d3d40aba98784bffe3970826c4', '83166d6bc71874524161d63206baff2f2271ce568b0175e6756134f1c77e88327aacf7e5b365c3e900342f69176a', '2016-08-20 16:51:08', 1, NULL, NULL),
(518, 'Tiffany', 'fany', 'tiff.1234@yahoo.com', '085245989319', 'Jl selat sumba no 3', '0e4c8c9f34ccc100cb6b09abaa9326af', 'e330509be38edcbbc2dc8f7bab0b273fb613a17a17a8b3a7835e94a7fd5eba25858c0c6ba35cdba711ed263eaad7', '2016-08-20 19:38:35', 1, NULL, NULL),
(519, 'Nila', 'nila', 'arie_atbdg20@yahoo.com', '082157863151', 'Jln. Safei no.48 Pontianak-kalimantan barat', '435735101d3af8ab2c58ad75f707c02d', '1f4fd18bbe96dffcc426b79745f5b180fa23de194f8d3df3105760c1b8feff700efc691c6ed83d11d08ca59d1f11', '2016-08-20 19:38:08', 1, NULL, NULL),
(520, 'Nanda Pratiwi', 'salsabilannd', 'salsabilanandapratiwi@yahoo.co.id', '082153539072', 'Jl. Paris 2 komp. Alex griya permai 3 blok e 14/15', '7238d229ded229931f0dee46121ff231', '9161bb8d11b15276e8202cdc4e5c25a6a9d3f3a2cba464440c7cb8d8e17295df9071b7050a4349ef94c979e045f8', '2016-08-20 19:37:23', 1, NULL, NULL),
(521, 'Okta Dwi Rianto', 'oktadrianto', 'oktadwi1234@gmail.com', '08982831584', 'Jl. Budi Utomo,Komplek Surya Kencana II no A.9 , Siantan Hilir', 'ec946b34385641ecf1f3ffb36617fc2e', '6fb650144cb1eb48cdb782d52bddae5bd9f8f391dd510a8480b3f3c70b0f913d4378fe1efdf4330145c2f0b5248b', '2016-08-20 19:36:51', 1, NULL, NULL),
(522, 'Gantari', 'gantari', 'koosgantari@gmail.com', '082155067700', 'Jalan Sintang, Komplek Untan P.9', '1ef9328a61178c15af8c4290664c4d94', 'f15edd3928589f7b051b428c1621db287de26129d8799553405d66cd2cf19ab10af5b41a1113f9a99b143ad309fe', '2016-08-20 21:09:05', 1, NULL, NULL),
(523, 'Gantarii', 'gantarii', 'gantarikoos@rocketmail.com', '082155067700', 'Jalan Sintang, Komplek Untan P.9', '1ef9328a61178c15af8c4290664c4d94', '4adc9641a0a7e172522c33c0e781c732d4659fc50699d6681aa79a8d647a4046127bc4fa5e49fbc1c928de114ac5', '2016-08-20 21:08:57', 1, NULL, NULL),
(524, 'm.qurniandi', 'andi', 'm.qurniandi@yahoo.com', '081251205556', 'Jl P.H. Husin II Gg.Mitra No.27', '18ab8d335b038182e5776924c7c65dad', 'deffe05b3ad03bfa865ea4f1c59c6a662172ad0b9e393224946afb668c64185a56fd28d2d9a0dcc8bc546f5747aa', '2016-08-21 09:27:29', 1, NULL, NULL),
(525, 'ALDHEA KHAIRUN NISSA', 'aldhea', 'luvelyald@yahoo.com', '085245231765', 'Jalan Danau Sentarum, Gang Mufakat Nomor 17A', '0302c218bb9043f3024d337b591ccec3', 'c64808ab1044a2fb845c32c3e319e03ffc21e7145cae1ade4ce9a6defe0ce4ff4dae8b34a0c85576ec19a80e84d7', '2016-08-21 09:26:49', 1, NULL, NULL),
(526, 'Dwiyanti apriliana', 'aprilia', 'dwiyantiapriliana@yahoo.com', '081345422009', 'Jl. Husein hamzah komplek mitra mas1 no. B.33 pontianak barat', '9e2a416e7439035a955231df9e7178cd', '84234a56486d36403af358a938e90e01cb57030eb66b325cceb04d2332b6e2b12d1c90512bb366194489ad8e1c69', '2016-08-21 10:33:52', 1, NULL, NULL),
(527, 'Raditya', 'radit6', 'radit160191@gmail.com', '085787029494', 'Jl.  Ujungpandang Gg Kelapa Hijau No 25B', '1174f65a58766cd3be53e8d5f10a6757', '18695457b5f42204cfdd61623fa23faaa7ee3e98cb693f3b48edbcd6211e900d5afbac73385bf848c3902067621c', '2016-08-21 12:59:29', 1, NULL, NULL),
(528, 'Yosafat', 'tomba', 'gegecs28@gmail.com', '085705525015', 'Jl.H.R.a.Rahman\r\nGg.Kinibalu no.22', '77f34d0d771d6e7f2eeb8780bd99e3a1', 'a0368f61e6c39bd27d5e2bd53226f08176e36104fafd9926d3f928846a46d884c64fd7dbb9b80bdee51d345c0138', '2016-08-21 12:59:44', 1, NULL, NULL),
(529, 'Anita ', 'anita', 'axlsusanto20@gmail.com', '081251674895', 'Jalan Tanjungpura Gg Deli Aceh 2 No 44', 'fae92a1ab32bcc58453ae99ed891cd32', '358418745fe2e71ee770b7ff710a183a0ddb0fd2eb9f11dec94d5745f8a41d381d05823a25504cfcebf62a8e6a02', '2016-08-22 10:19:27', 1, NULL, NULL),
(530, 'haryati', 'yati', 'yati.ketapang2015@gmail.com', '082351117667', 'Jl sungai raya dalam komp.mawar indah', 'f46ce2cb04fcd1cea5f9605308e12269', 'f752552de5c5afc8aa02f71dd0f2f309faf93027d537a014d671dd2c31df5d8fe4ea10334eb611ad930d488b4e9d', '2016-08-22 11:29:35', 1, NULL, NULL),
(531, 'Shah reza alidrus', 'reza', 'shahreza22@yahoo.com', '085252127257', 'Perum 3.tanjung hulu.jalan saman hudi ni.35', '8060ec2b5e8de839b8cfb6c2138413e7', '670a9f982b13a71d775c91c42085e5a675c51f9ccfd56380a6fbc8ba9ff839eb04a09f8b59393971e343ce2fd574', '2016-08-22 11:29:27', 1, NULL, NULL),
(532, 'Inka', 'inka', 'inkaveronika99@gmail.com', '082148090931', 'Jl. Parit Haji Husin 1 gg. Keluarga no. 12', '1bed61b260ac840a3fcc9f628e987309', 'ab69976a2fcbc4ba15b4cc3f92bf39de60a320fa6185085b2531cc99e0c7eb40b929276d99ca2494e8aa5d3fb610', '2016-08-22 14:05:55', 1, NULL, NULL),
(533, 'dedi', '2803', 'irawandedi2803@gmail.com', '081253515503', 'Jl.parit bugis kmplek griya lestari kubu raya', '0a12514a1e69b2f636f280559bc4f7e2', 'e3e4967bca6538d0cf7ed25a5c8e716539c397e0c8a0ec43bac1a4c192595a77b3b066107871c2cde4da56d0b791', '2016-08-22 14:35:11', 1, NULL, NULL),
(534, 'Dwi Ayu Lestari ', '939314', 'dwiayulestari93@yahoo.com', '082156882625', 'Jalan tanjung Raya 1 gang damai no 22', '2d18c8bcd6bd5e8935ee709f2186820d', '899949f72c4284daeb0d5ef8d5aade8f1656fa369f27c81e62da6a070390d1dbe79794b7da43fc4d925d17118eb0', '2016-08-22 14:35:02', 1, NULL, NULL),
(535, 'kenny', 'kenny', 'pratama.kenny@yahoo.co.id', '085787104054', 'jln imam bonjol gg peniti 1 no 7 a', 'ac0edf6e5277f6f74f124234a5bccd40', 'df659d9d1e0c577c146d465ddda4c441e4ff697535f9b45686f466bc1d4800c79e8cd28b5be05fd385355eccd0f8', '2016-08-22 18:54:32', 1, NULL, NULL),
(536, 'Dessytrianasari', 'desy', 'ponselk994@gmail.com', '085245702191', 'Paris 2 komp.green hill no a30', 'cf3403542459f14c1aafcf23446695e6', '22b0801a5d163339f56c3f371f2e2a9153d8d1e576c2193eff442dae1f174c64a98876a9df6077aad1bec2606136', '2016-08-22 18:54:23', 1, NULL, NULL),
(537, 'Vira Septiani', 'viras', 'viraseptiani1499@gmail.com', '08992823724', 'Jalan Imam Bonjol Gang Peniti 1 No.7A', '6be4106b135eaa53b680847982bfa344', '2f087e650cd3afdbabd6925fdf4e0b91b5bace1fe29c32b98081a3daf641c3559fe9c99c9d765a08a8acef8afa15', '2016-08-22 18:49:10', 1, NULL, NULL),
(538, 'Lenaolivia', 'lena', 'lenaolivia1991@gmail.com', '085750224046', 'Jln.komyos sudarso gg.gotong royong 1 no 31 (jeruju)', '8906532ed8afe8203a4c006684c03693', '3b9445a0b140e7d78ec5a8bd7c5b9f741c2e827db10cac9573bd2477536f507fa41e9d2cdcb4e00815a14b6f9e12', '2016-08-22 22:08:39', 1, NULL, NULL),
(539, 'Alfian yuda prasetiyo', 'yuda', 'alfianyudaprasetiyo@gmail.com', '08111171133', 'Jl. Ujung pandang, komplek gemilang greenland no. E10', '6c96b49b95e3ace7eb132ec7887c3a4e', '63881f21d051d1b2dae2bc562e9effed8fae9f6bbc6e674ac617334ac56aa9c7210e7b8f346fc024eacb0b0e066d', '2016-08-22 22:08:01', 1, NULL, NULL),
(540, 'Fitri yuliana tambunan', 'pipid', 'pipid89@yahoo.com', '081352592597', 'Jl.dr.wahidin sepakat 6 jalur 1 no.10', '0048efe2e50e5dee955775304153636a', '7017eb213a0852d560bfb2e9d073d643d4de3e1f94ede7cfdb63ed7b9a5cd456db1eb55d4e3bd6b7bab58660a84b', '2016-08-22 22:07:25', 1, NULL, NULL),
(541, 'Indriani hasibuan', 'indri', 'indrianihasibuan@gmail.com', '089628772849', 'Jalan. Komyos soedarso \r\nGg. Bunga \r\nNo. 63', 'b4c2c59cf066ca6bfacd1766c2a1ec20', '6d23259ec8c52998010537379a01137de3ca147b264d4558073de98d665254aa479e5b53e2b2e966077914bf5fee', '2016-08-23 10:15:05', 1, NULL, NULL),
(542, 'Amrul', 'amrul', 'bian989ganteng@gmail.com', '081345522016', 'Jl sui raya dalam komp. Villa gading mansion 1 blok A 28 pontianak tenggara.', '4851d538f7eb8337197478882dbd9fa4', '9e8011a857a78cec94b9ed575f11f4302dda9f0bd2e1c40e6eb9f868e3a2900df7a6d84bef84a65bff17ffdf7628', '2016-08-23 10:14:58', 1, NULL, NULL),
(543, 'Andelina Brenda Damaiputri', 'brendaputri', 'dandelinabrenda@yahoo.com', '085245424300', 'Jl apel gg cengkeh no 18', '087544be01f106b25bf24000f6b929bb', 'b7c3caeff6f24f19babead2fd524b2eabbf9005071804d57ab62e27dceb1bb51f77d48dcf9f5de35fdf76f1c4eb4', '2016-08-23 10:14:53', 1, NULL, NULL),
(544, 'RAHMAT SAIFUL', 'rsaiful', 'akhrahmatsaiful@gmail.com', '085750719001', 'Jl.Abdurahman Saleh, Kompleks Bapindo, No.2', '5d65383143b8e14b233b76c63a81d8c5', 'c9cd6037d121a4c27bb8835e8dd42808784a02fd2c5af4d42702b7595bea984f8ae014460196c6d67c04f7c20655', '2016-08-23 10:14:48', 1, NULL, NULL),
(545, 'Asmi Mawarni', 'asmi', 'asmemwr@gmail.com', '081345622433', 'Jl. Danau sentarum gg. Mufakat no. 15', '4c6eae1c1f158bc3bd5f1222437d33f3', '5b6093c39b1b6bf0854319a63a0ac2c11943eafae7b862046c7f542c35508d2c39b8adf3334d12dc79143d1ed881', '2016-08-23 14:16:59', 1, NULL, NULL),
(546, 'Faizah Attamimi ', 'faizah', 'tamimi_girls@yahoo.com', '081345617667', 'Jl. Kha.dahlan no 53 Pontianak ', '40cf0f302672ec8f8781378418d44c48', 'e3892d8813271337512923e11d30abe1f30dbdfa83396807c62d51e783fc3162471208e72ed8818907b25c0154ed', '2016-08-23 14:16:54', 1, NULL, NULL),
(547, 'Indra Prawira H', 'ziandra', 'revsullivan75@gmail.com', '082154100061', 'Jln Ayani 2 Gg Bhakti 1 \r\nJalur 2 Ruko No 1. Tepatnya pas di belakang pagar Indogrosir .\r\nJACKSHEY FASSION', 'bdf1150054ffcfcfe8302ba086883ee0', '298305fe5aa71fbfae1ee65e261f29fefa9040109853beb8fb9ada94d6ac6553c5c449187da97d3e5abce2dad502', '2016-08-23 14:16:49', 1, NULL, NULL),
(548, 'Dendy Farista', 'abigania76', 'dendyfarista@gmail.com', '081258590000', 'Jl. Husni Thamrin Komp.Untan No.P 38\r\nPontianak', '3426cb3a4a1d89547efc0483f0a4ac7d', '0934ef883880f217386a5880f294331b7aa6997e69abcbff88bec3921ebe11c73633d651cc29d4226b1288947174', '2016-08-23 19:26:06', 1, NULL, NULL),
(549, 'Fika Iskaryanti', 'fika', 'fika1210@gmail.com', '085245878342', 'Jl. H. R. A. Rahman Komplek. Hasia Permai no.A 16', '1b4ce7ac8182dd721fe513c03e0d6ea9', '4c506ca6ac965f1d07afcea03446047dba21ed2e50ae001e3d02b36d13a777203538650674e4a79c6441664dbfe0', '2016-08-23 21:22:17', 1, NULL, NULL),
(550, 'Wahyu', 'wahyu', 'waeyou90@gmail.com', '085750166390', 'Jl. Kesehatan', '72429611eba4c13e6dce86c7f27fcb15', 'cf99dbcadf84400625adf96a4cd7768150615c80bc9c104b25827748cb1e790beada8c8ec450975379d220ae2c72', '2016-08-23 21:22:08', 1, NULL, NULL),
(551, 'Inggrit Palit', 'inggritpalit', 'inggritpalit@gmail.com', '085250199645', 'Jl. WR Supratman No.36 Pontianak', '17062dd9ab5b7cd91de437d856e7a3b1', 'da99ac6972ff67124cfb5471fc231992f58aa84c05e1060dfadc038f6cf4569c1c8feb64a73d269023c3d0d1f88a', '2016-08-24 09:28:35', 1, NULL, NULL),
(552, 'anthie', 'anthiefikar09', 'anthie.putri71@gmail.com', '085252029691', 'Jl. Kom.yos.sudarso. perum2. Gg. Majapahit 5. No 11. Pontianak Barat. ', 'aba84b71dc4a76a851a2677ae8169c96', '4e8474fe6726de3626b8bd94fa9db269a4ee07f013e94831512f5365fe3164aded581322454d53f2ca5d8c7f3a6a', '2016-08-24 15:12:01', 1, NULL, NULL),
(553, 'AndyTjhang', 'tjhang55', 'andypsp32@gmail.com', '085249808555', 'Jl merdeka barat no 416 ( Depan cafe THETHA )', 'f40c3ae323276e9159deca5107b8c941', '38993fd14f8f38aa3454a9d609d6f82b80330d134d67b9773577b109cab49c3a89a4ecdb87c483055e9ce20b5aa9', '2016-08-24 15:11:50', 1, NULL, NULL),
(554, 'febryan', 'febryan', 'febryandharma@gmail.com', '081257834631', 'Sungai raya dalam , Gg.ceria 8 No A 20', '96e88889d60ab0acfd1ab39c0bfee7e2', '3c23e04c5e31c25afc1087b81dc3ca0e1cbdbca5ad9a4747ed923dd82123798d8fd93e3493433f4cf72177c5a85d', '2016-08-24 17:39:33', 1, NULL, NULL),
(555, 'Rika Karmita', 'rikakarmita', 'rika_karmita@yahoo.com', '085245173068', 'Jl sei raya dalam (polda belok kiri) gg raya 5 no f 7', 'e421bb0832493a0992359f11b6f9f8f5', '003a59f4942eaec4e8743a03aaee353861cd95a52d72a3078c4c1d3ea7e77a92c8967959eefe3e5a094c5f553cc8', '2016-08-24 18:22:42', 1, NULL, NULL),
(556, 'Andini wahma pradipta', 'andinii', 'andiniwahma_pradipta@ymail.com', '089672068325', 'Jln lembah murai no.10', 'a7381ec5b2fc85892e37b9cc530eb330', '07c7c7c707b7f142025244af123a67631063c6dce9afcea91260c90abd8061c48a3825df9d745af026d67aec0083', '2016-08-24 18:21:59', 1, NULL, NULL),
(557, 'Hanifah Dian ', 'hanifahdian', 'hanifahdian20@gmail.com', '089693941982', 'Jalan pangeran natakusuma gg.rukun no 43a Pontianak Kota ', '58b4e38f66bcdb546380845d6af27187', '62c45d03d2b8bd00a996b1c8a3f2f9c6a9a0e5888ac8a89050da0f9dbca1f9b0f1cf70ab4b48e9aa7e803e18f5ec', '2016-08-24 21:45:41', 1, NULL, NULL),
(558, 'Ricki herdian bata', 'ricki', 'rickiherdianbata@yahoo.co.id', '081254355359', 'Jalan perdana komp. Bali agung 2 no G17', '676b57ba9d8236b6d96764abec45d9b7', 'cdf96c48d8348794212ae1fcf213dbdca54e50909c29658a3ca46a8388f5157db3e7fe08130c062105b6196f991d', '2016-08-25 10:57:14', 1, NULL, NULL),
(559, 'marini putri wahyuli', 'marini', 'mariniputri67@yahoo.com', '08988083975', 'Jl.h.r.arachman gg.janur no.4', 'cd25aa7a2e975a6ac6b15b3351dd3a44', '2f5d53fc577c4fd1ad16bb05b907a272d9e3ad9442783f5f91d66e4707958d92235e05530a74c6f072dbc49cbdc7', '2016-08-25 10:56:48', 1, NULL, NULL),
(560, 'marini putri wahyuli', 'marinipw', 'mariniputri12345@yahoo.com', '08988083975', 'Jl.h.rais.a.Rachman gg.janur no.4', 'cd25aa7a2e975a6ac6b15b3351dd3a44', 'b74d86d77adf69982829f7049ade9ea7e3f30d70997b0aed799192836172c73b011c79a602b92274123f268c962a', '2016-08-25 10:56:26', 1, NULL, NULL),
(561, 'Ferry', 'ferry', 'ferryalexander78@yahoo.co.id', '081256981688', 'Jl alianyang gg rahayu', '096d0f05a2eff6e63af5800800bc432f', '62574ec859f108c708cf32a0e17cdcd03fbf0db5632467d4ec0d22808996ce990e26845f8fcc794915c83203937a', '2016-08-25 11:30:05', 1, NULL, NULL),
(562, 'Stefanny', 'stefanny21', 'stefannyaja10@gmail.com', '08983147414', 'Jl adi sucipto gg siaga 5 no 19E', '8969a962e3eb4a0709abaedbc0093c33', 'e7fd7e778e386834af93ac2e0d8ce74cede4880c22777192e79d5c7d568afa658e97a4bc6828e8e5b782efd2f24c', '2016-08-25 11:58:04', 1, NULL, NULL),
(563, 'yulia', 'yaayaa', 'yulia.prasetya11@gmail.com', '085348154406', 'jalan adi sucipto,\r\ngang hartani no. 09,\r\narang limbung\r\nkab. kubu raya', 'cdbe53a47c94535029f62f9ded7a6891', '9857c9dc8a2bac323d5b781267a5e2184aa554f239cff3aae39c1b6239107be2bf63e29152835a058c6906362354', '2016-08-25 13:03:17', 1, NULL, NULL),
(564, 'yulia', 'yullyaa', 'yulia.prasetya11@outlook.com', '085348154406', 'jalan adi sucipto,\r\ngang hartani no. 09,\r\narang limbung,\r\nkab.kubu raya', 'cdbe53a47c94535029f62f9ded7a6891', '95435649a3c744840298aead028cc7b633d11e582c03d9918c7d3892b5b6825a6ab66983936ac773d5d0c69365cd', '2016-08-25 13:02:36', 1, NULL, NULL),
(565, 'Aprina ', 'aprina525', 'aprina555@gmail.com', '089604876625', 'Jl.prof.m.yamin kotabaru gg.pertiwi no.15', '8060ec2b5e8de839b8cfb6c2138413e7', '9eba1d662d4725a66f94336d387b4ec4c3f245ba0ecbebe012e8edaf7374c3730334a68b6400145ea814b00bc4cf', '2016-08-25 13:50:17', 1, NULL, NULL),
(566, 'Riyam', 'riyam', 'smariam0201@gmail.com', '085650828910', 'Jl. Tabrani ahmad\r\nGg. Gunung rinjani 2 no.2\r\n\r\nPontianak barat.', '84a730f8ef40d989901a25020744b7b7', '4e1fcbc7d0f411bb8f25d1df4f1b81f54bf6bb1476a70ae1ef662d64338ee1fb98d7ba8a59f7ebf94c1876a873f6', '2016-08-25 19:20:01', 1, NULL, NULL),
(567, 'Riyam', 'smariam0201', 'mabel_pabel@yahoo.com', '085650828910', 'Jl. Tabrani Ahmad\r\nGg. Gunung Rinjani 2 no.2\r\nPontianak barat\r\n', '84a730f8ef40d989901a25020744b7b7', 'a1830ce09f530df436db5300cbf1bb223146b177a394440be4143b55c75781d81879221a4341b54873266180eb97', '2016-08-25 19:19:54', 1, NULL, NULL),
(568, 'Imala Sarie', 'ayie', 'imala.sari21@gmail.com', '085245537218', 'Jln. Parit Haji Muksin 2\r\nKomp. Villa sejahtera 1 no B 10', '72115b0b4efb43dd85c609c9e3b7ef62', 'b55953736f98b638260489911a74d25e70b83caeb3d2086ea7c815b152010b0456f09ed6b01f90526b5dadb49db6', '2016-08-25 19:19:50', 1, NULL, NULL),
(569, 'anna', 'anna', 'dayanganna11@gmail.com', '085151477799', 'jln tekam komplek griya pratama blok f no f3', '84282723c51e04d9b41d1185c21a45a4', '3db8c50169bc8a044f58242aec7b0c10facc1589a125d0b6ce42cd4123cc8961c4fb00a48d2617c5276f9a8ccf32', '2016-08-25 19:19:45', 1, NULL, NULL),
(570, 'Miftahhurrahman', 'miftah', 'miftahhurrahman@gmail.com', '089688996333', 'Jalan parit haji husin 1, gg.alqadar dalam no.36', 'be24c2807cd50d3c950edc67d63d4f93', '3d70f1c23e12b70067cd9b01894ebbe0c0167633679170a0d5744c1c55b7277f89b49591a96b246e04e685c6defe', '2016-08-25 22:20:42', 1, NULL, NULL),
(571, 'Donny harta winata', 'donnyhw', 'dhartawinata@gmail.com', '085245566555', 'Jln Dr Wahidin komplek sepakat asri no a2 pontianak', '9fabda01390a3fa47a3a727ae180e5bc', 'd1e354a89de189688ede9c5a208b504fe0464b8e7b01aa6c66464b8b4ea8a53ef027a7e39e392869a81d11e1d24d', '2016-08-25 22:20:37', 1, NULL, NULL),
(572, 'Maryanti', 'maryanti', 'maryantianti90@gmail.com', '089693681132', 'Jl.M.Yamin Gg.Usaha Baru No.18', '21e4271cea4b3d38c58333dbb9c5dbfd', 'f3ff28d5992fadb356c386baa89dadb2012a8f899e76b4f65fe033428fd85b0f64efa22ff6f0906723865b901b61', '2016-08-26 17:56:05', 1, NULL, NULL),
(573, 'Maryanti', 'maryantianti', 'marianarenata898@yahoo.com', '082253111151', 'Jl.M.Yamin Gg.Usaha Baru No.18', '21e4271cea4b3d38c58333dbb9c5dbfd', '7fcd9e70a94235cd4c9c2256ea2966310bd6b6bd8860210a72e8694ce0535b35734189508f16dde3cc2a556847f3', '2016-08-26 17:55:58', 1, NULL, NULL),
(574, 'ika ridlawati', 'ikaridlawati', 'ikaridlawati@yahoo.com', '081804411265', 'Jl padat karya (patis2) komp grandview no a 09', '4f71ca610a2225df363ba374eb837de7', 'e12122618e8ca768dbd93bfd0b50c1086f8870366d13a5cd23a9fdbbe0e83d04296ace58ae26424f4c0010dfeb38', '2016-08-26 17:56:11', 1, NULL, NULL),
(575, 'irina', 'gwirien', 'gw.irien@gmail.com', '082250400423', 'Jl.p.natakusuma gg.bambu no.1', '25f9e794323b453885f5181f1b624d0b', '4268dca4e72437a911448e9d2a39561e95b5c1bceebd22b53e6538e5f753e005db6c7bc94ee4a015c42f0e30e203', '2016-08-26 17:55:18', 1, NULL, NULL),
(576, 'Boy arisandi', 'boyharisandi', 'akunblog21@gmail.com', '081246913344', 'Jl khatulistiwa gg akrab no 50 rt 003 rw 008 kelurahan batu layang, pontianak utara, +- 1 km selepas tugu khatulistiwa, gg di kanan jalan, rumah +- 100 m ke dalam di kanan cari rumah boy', 'd2e8aaaa7d051e032e29ba3db9c7639e', '7721b2e51b1187e9bd873e71b873a6d46e59e4d8ebe3e34307e425b1e6b1a0cbdff27a945e7ae44dd1de5add5cd0', '2016-08-26 17:54:35', 1, NULL, NULL),
(577, 'Singgih Dwi Jatmiko', 'singgihdj', 'singgihdwij@gmail.com', '085227361787', 'Jl GS Lelanang 35 Singkawang', 'cc67e9034ff9fc03106051ba7b429d7f', '84aa2ec226f45f37bebf680a510de0886b87161d6896b363782f1efa695df88399d3dcb75f2ebde32ea0bc4947ca', '2016-08-26 17:52:00', 1, NULL, NULL),
(578, 'Singgih Dwi Jatmiko', 'singgih2307', 's.dwijatmiko@gmail.com', '085227361787', 'Jl GS Lelanang 35 Singkawang', 'cc67e9034ff9fc03106051ba7b429d7f', '02ab86fa8511c3b7f6796a034b3535277b8a8ed24a5b3b3212b219e54f5eebb834d89dcc1a3706febaa94811ce3f', '2016-08-26 18:40:53', 1, NULL, NULL),
(579, 'Valencia', 'valenttt', 'linkz_zzz@yahoo.com', '089688688887', 'Jl. Prof. M. Yamin No. 57', '300978c508f2839ccb65b5f4c2dd7297', '2bc99050b6423910778554a896a14fb70ebe2274769615ead970ae21a9034aa01314a98736bbfd1a18f53922c3cf', '2016-08-27 11:02:39', 1, NULL, NULL),
(580, 'Cindy liusiana', 'cindy', 'cindyliusianaliu@gmail.com', '082250647983', 'Jln. Saman hudi \r\ngg. Kebaca 4 no 32 - panglima aim', '9eb5e78ba483b686f1fb7b548751575a', 'd9f0eb321830b73e2cf654b62ec004a9af0e7a8620fb8a1304f4cb478d23ffbe8f7b8484c3ae28abdc28b8e86b19', '2016-08-27 11:02:07', 1, NULL, NULL),
(581, 'Apriati N', 'princess89', 'apriatiningsih27@gmail.com', '082155777098', 'Jl. Khatulistiwa gg teluk betung 1 no 32..\r\nSiantan hilir', 'd9c84901c7cdbfddbc3b75af86ba1701', 'b954959e48e91fe1138b92b8c1e58b6dd44699df7513f849438c81554d0435a83c4b7ac21b282035caa228b889cc', '2016-08-27 13:26:50', 1, NULL, NULL),
(582, 'Nenk geulis', 'princess88', 'princesscantik88@gmail.com', '082155777098', 'Jln. Khatulistiwa gg teluk betung 1 no 32\r\nSiantan hilir', 'd9c84901c7cdbfddbc3b75af86ba1701', 'a8739730281cbe044031681fff08d59abecce48ee06333de76d14f7056cd84620f55326de89a89b42e4d3017341a', '2016-08-27 13:26:25', 1, NULL, NULL),
(583, 'Kusmartini', 'kusmartini', 'kusmartini18@gmail.com', '081218196126', 'Jl.gusti hamzah no.23\r\nSamping masjid nursalim\r\nPontianak', '0fb1cbe4d139415fab7b69fa619fa05b', 'df3c133ffedc24091b624b655aaeaf3ac2b3ded3cb7e01b3b71e2c146f19ec2b1da8bb2dd71a372cb045052d23d4', '2016-08-27 14:13:43', 1, NULL, NULL),
(584, 'Deden', 'deniprobow', 'deniprobow@gmail.com', '081251113015', 'Jl Danau Sentarum Jl Suka Mulya No. 18', 'f2dfe7982a01dfdc1c67a0d6a6024d7b', '2aad4fb13b4d46e36b095c70bc403dad7b932ac0a45d5b68297a01e50c031f47c310d078c4e700694f5ef7f0ab45', '2016-09-04 18:00:49', 0, NULL, NULL),
(585, 'pandhe prakarsa', 'pandhe24', 'pandheprakarsa@gmail.com', '085654466520', 'jl budi utomo gang bersatu no 3', 'c65a01a5d1d95aba9ef64034b976b27a', 'ca8dd2c2ec2f858d940a55c71c1c2a19b9f367f175c7d8cfaa1ba3196d5f16cfdcb5ce5f27575868113d3d281565', '2016-10-09 11:11:01', 1, '2tkg24mramhujeics87llnqoob', 'fk4FIdf5-GA:APA91bFRXyY6HkXqn-WrkgTA8-f1QETAdXPQumEEDp3Y4Z2UpfFghV0xFROmWnlr1AmDJFdvX9sNc6Z51OzLINToPPDpLy7zRTlD9EZfij-LEsrAmbG_E4fAokgd7p3pwFeop6RhOVQS'),
(586, 'tesserv', 'fesserv', 'tesd@gmail.com', '08125674584536', 'gfbsvs', 'ae2b1fca515949e5d54fb22b8ed95575', 'edfc73ca47ccb6f391c21addf035ab6938242dd4dbadf384911f04a06d9a6c6b37ee6010729982b86c4397ab0af6', '2016-10-09 16:33:22', 0, NULL, NULL),
(587, 'adam', 'adamwhy', 'adambs.1897@gmail.com', '08125759081', 'jalan tabrani ahmad komplek navigasi nomor 2', 'd8578edf8458ce06fbc5bb76a58c5ca4', 'fc0b6c644567a0b8a27c3c72914d4fdae86219c11db63ac31acc3e204170118afa47653c5f859600b24f671bdf65', '2016-10-21 16:49:19', 1, 'ei1hvfcnakmn3sso4mpplodedr', NULL),
(588, 'Grome', 'grome', 'gromebanget@gmail.com', '081', 'Jl', 'f2dfe7982a01dfdc1c67a0d6a6024d7b', 'b85a94e94e5ca8cc8b88576ac440af7cb114b0501421342aeba940788a3aac1f18126477ea3b846728cb9fa8c7fc', '2016-10-21 19:18:30', 0, NULL, NULL);

-- --------------------------------------------------------

--
-- Table structure for table `tbl_static_minggu`
--

CREATE TABLE IF NOT EXISTS `tbl_static_minggu` (
  `id_static` int(11) NOT NULL AUTO_INCREMENT,
  `tanggal` date NOT NULL,
  `hari` varchar(20) NOT NULL,
  `dikonfirmasi` int(11) NOT NULL,
  `dibatalkan` int(11) NOT NULL,
  `expired` int(11) NOT NULL,
  PRIMARY KEY (`id_static`),
  UNIQUE KEY `tanggal` (`tanggal`)
) ENGINE=MyISAM  DEFAULT CHARSET=latin1 AUTO_INCREMENT=57 ;

--
-- Dumping data for table `tbl_static_minggu`
--

INSERT INTO `tbl_static_minggu` (`id_static`, `tanggal`, `hari`, `dikonfirmasi`, `dibatalkan`, `expired`) VALUES
(1, '2016-07-25', 'Senin', 1, 0, 0),
(2, '2016-07-26', 'Selasa', 2, 0, 0),
(3, '2016-07-27', 'Rabu', 4, 0, 0),
(4, '2016-07-28', 'Kamis', 0, 0, 0),
(5, '2016-07-29', 'Jumat', 0, 0, 0),
(6, '2016-07-30', 'Sabtu', 1, 0, 0),
(7, '2016-07-31', 'Minggu', 0, 0, 0),
(8, '2016-08-01', 'Senin', 0, 0, 0),
(9, '2016-08-02', 'Selasa', 0, 0, 0),
(10, '2016-08-03', 'Rabu', 0, 0, 0),
(11, '2016-08-04', 'Kamis', 0, 0, 0),
(12, '2016-08-05', 'Jumat', 0, 0, 0),
(13, '2016-08-06', 'Sabtu', 0, 0, 0),
(14, '2016-08-07', 'Minggu', 1, 0, 0),
(15, '2016-08-08', 'Senin', 1, 0, 0),
(16, '2016-08-09', 'Selasa', 0, 0, 0),
(17, '2016-08-10', 'Rabu', 0, 0, 0),
(18, '2016-08-11', 'Kamis', 1, 1, 1),
(19, '2016-08-12', 'Jumat', 2, 0, 1),
(20, '2016-08-13', 'Sabtu', 0, 0, 0),
(21, '2016-08-14', 'Minggu', 0, 0, 0),
(22, '2016-08-15', 'Senin', 1, 0, 0),
(23, '2016-08-16', 'Selasa', 2, 1, 0),
(24, '2016-08-17', 'Rabu', 0, 0, 0),
(25, '2016-08-18', 'Kamis', 0, 0, 1),
(26, '2016-08-19', 'Jumat', 1, 0, 1),
(27, '2016-08-20', 'Sabtu', 0, 0, 0),
(28, '2016-08-21', 'Minggu', 0, 0, 0),
(29, '2016-08-22', 'Senin', 1, 0, 1),
(30, '2016-08-23', 'Selasa', 1, 0, 5),
(31, '2016-08-24', 'Rabu', 2, 0, 0),
(32, '2016-08-25', 'Kamis', 1, 0, 0),
(33, '2016-08-26', 'Jumat', 0, 0, 0),
(34, '2016-08-27', 'Sabtu', 1, 0, 1),
(35, '2016-08-28', 'Minggu', 0, 0, 0),
(36, '2016-10-03', 'Senin', 0, 0, 0),
(37, '2016-10-04', 'Selasa', 0, 0, 0),
(38, '2016-10-05', 'Rabu', 0, 0, 0),
(39, '2016-10-06', 'Kamis', 0, 0, 0),
(40, '2016-10-07', 'Jumat', 0, 0, 0),
(41, '2016-10-08', 'Sabtu', 0, 0, 0),
(42, '2016-10-09', 'Minggu', 0, 0, 0),
(43, '2016-10-17', 'Senin', 0, 0, 0),
(44, '2016-10-18', 'Selasa', 0, 0, 0),
(45, '2016-10-19', 'Rabu', 0, 0, 0),
(46, '2016-10-20', 'Kamis', 0, 0, 0),
(47, '2016-10-21', 'Jumat', 0, 0, 0),
(48, '2016-10-22', 'Sabtu', 0, 0, 0),
(49, '2016-10-23', 'Minggu', 0, 0, 0),
(50, '2016-10-24', 'Senin', 1, 0, 0),
(51, '2016-10-25', 'Selasa', 0, 0, 0),
(52, '2016-10-26', 'Rabu', 0, 0, 0),
(53, '2016-10-27', 'Kamis', 0, 0, 0),
(54, '2016-10-28', 'Jumat', 0, 0, 0),
(55, '2016-10-29', 'Sabtu', 0, 0, 0),
(56, '2016-10-30', 'Minggu', 0, 0, 0);

-- --------------------------------------------------------

--
-- Table structure for table `tbl_tarif`
--

CREATE TABLE IF NOT EXISTS `tbl_tarif` (
  `id_tarif` int(10) unsigned NOT NULL AUTO_INCREMENT,
  `alamat` varchar(500) NOT NULL,
  `tarif` decimal(9,0) NOT NULL,
  PRIMARY KEY (`id_tarif`)
) ENGINE=MyISAM  DEFAULT CHARSET=latin1 AUTO_INCREMENT=222 ;

--
-- Dumping data for table `tbl_tarif`
--

INSERT INTO `tbl_tarif` (`id_tarif`, `alamat`, `tarif`) VALUES
(1, 'Jalan A.R Hakim', '15000'),
(2, 'Jalan Abdurrahman Saleh', '15000'),
(3, 'Jalan Ade Irma Suryani', '15000'),
(4, 'Jalan Adisucipto (Gerbang Selamat Datang Sampai Lampu Merah)', '20000'),
(5, 'Jalan Adisucipto (Jalan Nurul Huda Sampai UN Mart)', '30000'),
(6, 'Jalan Adisucipto (Kantor Camat Sampai Wonodadi)', '40000'),
(7, 'Jalan Adisucipto (Lampu Merah Sampai Jalan Nurul Huda)', '25000'),
(8, 'Jalan Adisucipto (Makam Pahlawan Sampai Bandara ', '50000'),
(9, 'Jalan Adisucipto (Sampai Gerbang Batas Selamat Datang)', '15000'),
(10, 'Jalan Adisucipto (UN MART Sampai Kantor Camat)', '35000'),
(11, 'Jalan Adisucipto (Wonodadi Sampai Makam Pahlawan) ', '45000'),
(12, 'Jalan Ahmad Dahlan', '15000'),
(13, 'Jalan Ahmad Marzuki', '15000'),
(14, 'Jalan Ahmad Sood', '15000'),
(15, 'Jalan Ahmad Yani', '15000'),
(16, 'Jalan Akcaya', '15000'),
(17, 'Jalan Alianyang', '15000'),
(18, 'Jalan Ampera', '20000'),
(19, 'Jalan Antasari', '15000'),
(20, 'Jalan Apel', '15000'),
(21, 'Jalan Aris Margono', '15000'),
(22, 'Jalan Arteri Supadio (Bundaran Sampai PIL)', '25000'),
(23, 'Jalan Arteri supadio (Cempaka Mas Sampai Wonodadi)', '40000'),
(24, 'Jalan Arteri Supadio (Indogrosir Sampai Komplek Cempaka Mas)', '35000'),
(25, 'Jalan Arteri Supadio (Kantor Bupati Sampai Bandara)', '50000'),
(26, 'Jalan Arteri Supadio (PIL Sampai Indo Grosir)', '30000'),
(27, 'Jalan Arteri Supadio (Simpang Polda Sampai Bundaran)', '20000'),
(28, 'Jalan Arteri Supadio (Wonodadi Sampai Kantor Bupati)', '45000'),
(29, 'Jalan Asahan', '15000'),
(30, 'Jalan Atot Ahmad', '15000'),
(31, 'Jalan Bali Indah', '15000'),
(32, 'Jalan Barito', '15000'),
(33, 'Jalan Batang Hari', '15000'),
(34, 'Jalan Batas Pandang', '15000'),
(35, 'Jalan Beringin', '15000'),
(36, 'Jalan Bersama ', '15000'),
(37, 'Jalan Budi Karya', '15000'),
(38, 'Jalan Bukit Barisan', '15000'),
(39, 'Jalan Cendana ', '15000'),
(40, 'Jalan Cendrawasih', '15000'),
(41, 'Jalan Chairil Anwar', '15000'),
(42, 'Jalan D A Hadi', '15000'),
(43, 'Jalan Danau Sentarum', '15000'),
(44, 'Jalan Daya Nasional', '15000'),
(45, 'Jalan Dewi Sartika', '15000'),
(46, 'Jalan Diponegoro', '15000'),
(47, 'Jalan DR Sutomo', '15000'),
(48, 'Jalan DR Wahidin Sudirohusodo', '15000'),
(49, 'Jalan Extra Joss', '25000'),
(50, 'Jalan Flores', '15000'),
(51, 'Jalan Gajahmada', '15000'),
(52, 'Jalan Gusti Hamzah', '15000'),
(53, 'Jalan Gusti Situt Mahmud (Simpang Lampu Merah Sampai Jembatan Parit Pangeran)', '30000'),
(54, 'Jalan H M Suwignyo', '15000'),
(55, 'Jalan H R A Rahman', '15000'),
(56, 'Jalan Haji Agus Salim', '15000'),
(57, 'Jalan Haji Juanda', '15000'),
(58, 'Jalan Haji Siradj', '15000'),
(59, 'Jalan Harapan Jaya', '20000'),
(60, 'Jalan Haruna', '15000'),
(61, 'Jalan Hasanudin', '15000'),
(62, 'Jalan Hijas', '15000'),
(63, 'Jalan Husein Hamzah (sampai simpang ampera)', '15000'),
(64, 'Jalan Ilham', '15000'),
(65, 'Jalan Indragiri Barat', '15000'),
(66, 'Jalan Indragiri Timur', '15000'),
(67, 'Jalan Irian', '15000'),
(68, 'Jalan Jambu Mente', '15000'),
(69, 'Jalan Jendral Sudirman', '15000'),
(70, 'Jalan Jendral Urip', '15000'),
(71, 'Jalan Johan Idrus', '15000'),
(72, 'Jalan Johar', '15000'),
(73, 'Jalan K H W Hasyim', '15000'),
(74, 'Jalan K S Tubun', '15000'),
(75, 'Jalan Kalimantan', '15000'),
(76, 'Jalan Karangan ', '15000'),
(77, 'Jalan Karet', '15000'),
(78, 'Jalan Karna Sosial', '15000'),
(79, 'Jalan Kartini', '15000'),
(80, 'Jalan Karvin', '15000'),
(81, 'Jalan Karya Bakti 1', '15000'),
(82, 'Jalan Karya Baru', '15000'),
(83, 'Jalan Karya Baru 2', '15000'),
(84, 'Jalan Katamso', '15000'),
(85, 'Jalan Kedah', '15000'),
(86, 'Jalan Kemakmuran', '15000'),
(87, 'Jalan Ketapang', '15000'),
(88, 'Jalan Kom Yos Sudarso (Simpang Karet Sampai RSUD KOTA)', '20000'),
(89, 'Jalan Kom yos Sudarso (Simpang Pelabuhan Sampai Simpang Jalan Karet)', '15000'),
(90, 'Jalan Komplek Pondok indah Lestari ', '30000'),
(91, 'Jalan Komplek UK', '15000'),
(92, 'Jalan KPLP', '15000'),
(93, 'Jalan Krakatau', '15000'),
(94, 'Jalan M Sohor', '15000'),
(95, 'Jalan Madura', '15000'),
(96, 'Jalan Mahakam', '15000'),
(97, 'Jalan Mandiri', '35000'),
(98, 'Jalan Mas Tirto Haryono', '15000'),
(99, 'Jalan Media', '15000'),
(100, 'Jalan Merdeka', '15000'),
(101, 'Jalan Mohammad Isa', '15000'),
(102, 'Jalan Mujahidin', '15000'),
(103, 'Jalan Nawawi Hasan', '15000'),
(104, 'Jalan Nawawi Hasan 1', '15000'),
(105, 'Jalan Nias', '15000'),
(106, 'Jalan Nirbaya', '15000'),
(107, 'Jalan Nurul Huda', '30000'),
(108, 'Jalan Nus Indah Baru', '15000'),
(109, 'Jalan Nusa Indah 1', '15000'),
(110, 'Jalan Nusa Indah 2', '15000'),
(111, 'Jalan Nusa Indah 3', '15000'),
(112, 'Jalan Padat Karya', '20000'),
(113, 'Jalan Pahlawan', '15000'),
(114, 'Jalan Pak Benceng', '15000'),
(115, 'Jalan Pak Kasih', '15000'),
(116, 'Jalan Palapa 3B', '15000'),
(117, 'Jalan Pangeran Natakusuma', '15000'),
(118, 'Jalan Pangsuma', '15000'),
(119, 'Jalan Paret Tengah', '15000'),
(120, 'Jalan Parit Bugis', '40000'),
(121, 'Jalan Parit Demang', '15000'),
(122, 'Jalan Parit Haji Husin 1', '15000'),
(123, 'Jalan Parit Haji Muksin 2', '30000'),
(124, 'Jalan Parit P angeran ', '30000'),
(125, 'Jalan Parit Tengkorak', '30000'),
(126, 'Jalan Patimura', '15000'),
(127, 'Jalan Perdamaian (Sampai Simpang Jalan Karya)', '15000'),
(128, 'Jalan Perdana', '15000'),
(129, 'Jalan Perintis', '15000'),
(130, 'Jalan Perintis Kemerdekaan (Lampu Merah Tanjung Hilir Sampai Lampu Merah Setelah Tol Landak)', '25000'),
(131, 'Jalan Perintis Kemerdekaan (Lampu Merah Tanjung Raya Sampai SPBU)', '20000'),
(132, 'Jalan Permai 1', '15000'),
(133, 'Jalan Permai 2', '15000'),
(134, 'Jalan Petani', '15000'),
(135, 'Jalan Prof DR H Nawawi ', '15000'),
(136, 'Jalan Prof Dr Hamka ', '15000'),
(137, 'Jalan Prof M Yamin', '15000'),
(138, 'Jalan Pulau We', '15000'),
(139, 'Jalan Puri Indah', '15000'),
(140, 'Jalan Purnama', '15000'),
(141, 'Jalan Purnama 2 (Sampai Jalan Harapan Jaya)', '20000'),
(142, 'Jalan Puskesmas', '15000'),
(143, 'Jalan Putri Chandramidi', '15000'),
(144, 'Jalan Putri Dara Hitam', '15000'),
(145, 'Jalan Putri Dara Nante', '15000'),
(146, 'Jalan Puyuh', '15000'),
(147, 'Jalan R E Martadinata', '15000'),
(148, 'Jalan Rahadi Usman', '15000'),
(149, 'Jalan Rajawali', '15000'),
(150, 'Jalan Rambu Bantu', '25000'),
(151, 'Jalan Reformasi', '15000'),
(152, 'Jalan RS Sudarso', '20000'),
(153, 'Jalan S Parman', '15000'),
(154, 'Jalan S Parman Dalam', '15000'),
(155, 'Jalan Sakura', '15000'),
(156, 'Jalan Sejahtera 1', '25000'),
(157, 'Jalan Sejarah', '15000'),
(158, 'Jalan Selamat 1', '15000'),
(159, 'Jalan Selayar', '15000'),
(160, 'Jalan Sepakat 1', '15000'),
(161, 'Jalan Sepakat 2', '15000'),
(162, 'Jalan Seram', '15000'),
(163, 'Jalan Serayu', '15000'),
(164, 'Jalan Setia Budi', '15000'),
(165, 'Jalan Siaga', '20000'),
(166, 'Jalan Siam', '15000'),
(167, 'Jalan Sidas', '15000'),
(168, 'Jalan Sisingamangaraja', '15000'),
(169, 'Jalan Srikaya', '15000'),
(170, 'Jalan Subarkah', '15000'),
(171, 'Jalan Suhada', '15000'),
(172, 'Jalan Suka Mulia', '15000'),
(173, 'Jalan Sultan Abdurrahman', '15000'),
(174, 'Jalan Sultan Hamid (Tol Kapuas Sampai Simpang Lampu Merah Tanjung raya)', '20000'),
(175, 'Jalan Sultan Syahrir', '15000'),
(176, 'Jalan Sumatra Indah', '15000'),
(177, 'Jalan Sungai Raya', '20000'),
(178, 'Jalan Sungai Raya Dalam (Area 1 : Gerbang Polda Sampai KFC)', '20000'),
(179, 'Jalan Sungai Raya Dalam (Area 2 : KFC Sampai GG. Dango 2)', '25000'),
(180, 'Jalan Sungai Raya Dalam (Area 3 : Gg. Dango 2 Sampai Hotel Harmoni Inn)', '30000'),
(181, 'Jalan Suprapto', '15000'),
(182, 'Jalan Surya', '15000'),
(183, 'Jalan Sutoyo', '15000'),
(184, 'Jalan Syafe''i', '15000'),
(185, 'Jalan Tabrani Ahmad', '15000'),
(186, 'Jalan Tangjungpura Indah', '15000'),
(187, 'Jalan Tani', '15000'),
(188, 'Jalan Tani Makmur', '15000'),
(189, 'Jalan Tanjung Harapan ', '15000'),
(190, 'Jalan Tanjung Hilir', '25000'),
(191, 'Jalan Tanjung Raya 1', '20000'),
(192, 'Jalan Tanjung Raya 1 (kampung arab)', '20000'),
(193, 'Jalan Tanjung raya 2 (Gerbang Batas Kota Sampai Lampu Merah Trans Kalimantan', '35000'),
(194, 'Jalan Tanjung Raya 2 (Kantor Lurah Saigon Sampai Sekolah Terpadu)', '25000'),
(195, 'Jalan Tanjung Raya 2 (Sekolah Terpadu Sampai Gerbang Batas Kota)', '30000'),
(196, 'Jalan Tanjung Raya 2 (Simpang Lampu Merah Sampai Kantor Lurah Saigon)', '20000'),
(197, 'Jalan Tanjung Sari', '15000'),
(198, 'Jalan Tanjungpura', '15000'),
(199, 'Jalan Tebu', '15000'),
(200, 'Jalan Timor', '15000'),
(201, 'Jalan Trunojoyo', '15000'),
(202, 'Jalan Ujung Pandang', '15000'),
(203, 'Jalan Ummut Thalib', '15000'),
(204, 'Jalan Untung Suropati', '15000'),
(205, 'Jalan Uray Bawadi', '15000'),
(206, 'Jalan Veteran', '15000'),
(207, 'Jalan W R Supratman ', '15000'),
(208, 'Jalan Wonobaru', '15000'),
(209, 'Jalan Wonodadi', '40000'),
(210, 'Jalan Wonodadi 2', '40000'),
(211, 'Jalan Wonoyoso', '15000'),
(212, 'Jalan Ya'' m Sabran (SDN 24 Sampai Polsek Sungai Ambawang)', '30000'),
(213, 'Jalan Ya'' m Sabran (Simpang Lampu Merah Sampai SDN 24)', '25000'),
(214, 'Jalan Ya'' Moh Sabran ', '15000'),
(215, 'Jalan Zainuddin', '15000'),
(216, 'Jalan Zurriyat', '15000'),
(217, 'Jalan Parit Haji Husin 2 (Sampai Simpang Jalan Padat Karya)', '15000'),
(218, 'Jalan veteran', '15000'),
(219, 'Jalan Imam Bonjol', '15000'),
(220, 'Jalan Kesehatan', '15000'),
(221, 'Jalan Teuku Umar ', '15000');

-- --------------------------------------------------------

--
-- Table structure for table `tbl_user`
--

CREATE TABLE IF NOT EXISTS `tbl_user` (
  `id_user` int(11) NOT NULL AUTO_INCREMENT,
  `username` varchar(255) NOT NULL,
  `password` varchar(255) NOT NULL,
  `is_active` tinyint(4) NOT NULL,
  PRIMARY KEY (`id_user`)
) ENGINE=MyISAM  DEFAULT CHARSET=latin1 AUTO_INCREMENT=2 ;

--
-- Dumping data for table `tbl_user`
--

INSERT INTO `tbl_user` (`id_user`, `username`, `password`, `is_active`) VALUES
(1, 'bujangkurir', '8e8c11dc6e823ef7a1a98f0009d1a6c6', 1);

/*!40101 SET CHARACTER_SET_CLIENT=@OLD_CHARACTER_SET_CLIENT */;
/*!40101 SET CHARACTER_SET_RESULTS=@OLD_CHARACTER_SET_RESULTS */;
/*!40101 SET COLLATION_CONNECTION=@OLD_COLLATION_CONNECTION */;
